api_id,term,first_name,last_name,photo_url,link_sejm,stats_attendance,stats_rebellion,stats_activity_score
19,9,Dariusz,Bąk,https://api.sejm.gov.pl/sejm/term9/MP/90019/photo,,99.47,7,43
33,9,Krzysztof,Bosak,https://api.sejm.gov.pl/sejm/term9/MP/90033/photo,,84.15,1034,0
34,9,Grzegorz,Braun,https://api.sejm.gov.pl/sejm/term9/MP/90034/photo,,81.05,1286,0
35,9,Waldemar,Buda,https://api.sejm.gov.pl/sejm/term9/MP/90035/photo,,94.11,42,0
61,9,Władysław,Dajczak,https://api.sejm.gov.pl/sejm/term9/MP/90061/photo,,98.41,3,0
62,9,Anna,Dąbrowska-Banaszek,https://api.sejm.gov.pl/sejm/term9/MP/90062/photo,,99.91,33,0
150,9,Piotr,Kaleta,https://api.sejm.gov.pl/sejm/term9/MP/90150/photo,,99.97,16,0
151,9,Sebastian,Kaleta,https://api.sejm.gov.pl/sejm/term9/MP/90151/photo,,99.05,61,83
152,9,Mariusz,Kałużny,https://api.sejm.gov.pl/sejm/term9/MP/90152/photo,,97.03,78,0
153,9,Krystian,Kamiński,https://api.sejm.gov.pl/sejm/term9/MP/90153/photo,,99.74,1361,150
470,9,Rafał,Romanowski,https://api.sejm.gov.pl/sejm/term9/MP/90470/photo,,99.05,13,0
157,9,Mieczysław,Kasprzak,https://api.sejm.gov.pl/sejm/term9/MP/90157/photo,,96.01,107,180
60,10,Zofia,Czernow,https://api.sejm.gov.pl/sejm/term10/MP/60/photo,,99.36,7,256
99,10,Szymon,Giżyński,https://api.sejm.gov.pl/sejm/term10/MP/99/photo,,90.45,27,121
102,10,Piotr,Głowski,https://api.sejm.gov.pl/sejm/term10/MP/102/photo,,97.42,1,176
115,10,Jan,Grabiec,https://api.sejm.gov.pl/sejm/term10/MP/115/photo,,82.74,10,6
141,10,Michał,Jaros,https://api.sejm.gov.pl/sejm/term10/MP/141/photo,,96.54,6,131
156,10,Jacek,Karnowski,https://api.sejm.gov.pl/sejm/term10/MP/156/photo,,96.66,14,52
158,9,Małgorzata,Kidawa-Błońska,https://api.sejm.gov.pl/sejm/term9/MP/90158/photo,,98.02,83,54
159,9,Marcin,Kierwiński,https://api.sejm.gov.pl/sejm/term9/MP/90159/photo,,95.56,124,0
161,10,Katarzyna,Kierzek-Koperska,https://api.sejm.gov.pl/sejm/term10/MP/161/photo,,94.14,5,268
1,9,Andrzej,Adamczyk,https://api.sejm.gov.pl/sejm/term9/MP/90001/photo,,96.64,42,0
2,9,Rafał,Adamczyk,https://api.sejm.gov.pl/sejm/term9/MP/90002/photo,,99.47,170,529
3,9,Piotr,Adamowicz,https://api.sejm.gov.pl/sejm/term9/MP/90003/photo,,99.01,97,119
4,9,Romuald,Ajchler,https://api.sejm.gov.pl/sejm/term9/MP/90004/photo,,86.59,277,63
5,9,Adam,Andruszkiewicz,https://api.sejm.gov.pl/sejm/term9/MP/90005/photo,,97.88,102,0
6,9,Waldemar,Andzel,https://api.sejm.gov.pl/sejm/term9/MP/90006/photo,,99.71,5,0
7,9,Tomasz,Aniśko,https://api.sejm.gov.pl/sejm/term9/MP/90007/photo,,97.97,160,5
8,9,Jan,Ardanowski,https://api.sejm.gov.pl/sejm/term9/MP/90008/photo,,94.41,66,2
9,9,Iwona,Arent,https://api.sejm.gov.pl/sejm/term9/MP/90009/photo,,98.95,13,0
10,9,Marek,Ast,https://api.sejm.gov.pl/sejm/term9/MP/90010/photo,,99.26,29,108
11,9,Urszula,Augustyn,https://api.sejm.gov.pl/sejm/term9/MP/90011/photo,,99.25,103,0
12,9,Tadeusz,Aziewicz,https://api.sejm.gov.pl/sejm/term9/MP/90012/photo,,98.68,146,24
13,9,Zbigniew,Babalski,https://api.sejm.gov.pl/sejm/term9/MP/90013/photo,,99.39,21,28
14,9,Piotr,Babinetz,https://api.sejm.gov.pl/sejm/term9/MP/90014/photo,,99.43,125,0
15,9,Ryszard,Bartosik,https://api.sejm.gov.pl/sejm/term9/MP/90015/photo,,99.29,15,0
16,9,Władysław,Bartoszewski,https://api.sejm.gov.pl/sejm/term9/MP/90016/photo,,93.17,98,0
17,9,Barbara,Bartuś,https://api.sejm.gov.pl/sejm/term9/MP/90017/photo,,99.91,6,0
18,9,Mieczysław,Baszko,https://api.sejm.gov.pl/sejm/term9/MP/90018/photo,,99.41,53,16
20,9,Paweł,Bejda,https://api.sejm.gov.pl/sejm/term9/MP/90020/photo,,98.03,169,0
21,9,Konrad,Berkowicz,https://api.sejm.gov.pl/sejm/term9/MP/90021/photo,,76.24,1364,0
22,9,Magdalena,Biejat,https://api.sejm.gov.pl/sejm/term9/MP/90022/photo,,95.03,244,100
23,9,Jerzy,Bielecki,https://api.sejm.gov.pl/sejm/term9/MP/90023/photo,,99.32,40,12
24,9,Marek,Biernacki,https://api.sejm.gov.pl/sejm/term9/MP/90024/photo,,98.35,144,0
25,9,Mariusz,Błaszczak,https://api.sejm.gov.pl/sejm/term9/MP/90025/photo,,98.54,12,0
26,9,Mateusz,Bochenek,https://api.sejm.gov.pl/sejm/term9/MP/90026/photo,,99.41,61,0
27,9,Rafał,Bochenek,https://api.sejm.gov.pl/sejm/term9/MP/90027/photo,,98.88,30,0
28,9,Jerzy,Borowczak,https://api.sejm.gov.pl/sejm/term9/MP/90028/photo,,98.23,145,2
29,9,Joanna,Borowiak,https://api.sejm.gov.pl/sejm/term9/MP/90029/photo,,99.98,1,0
30,9,Kamil,Bortniczuk,https://api.sejm.gov.pl/sejm/term9/MP/90030/photo,,94.7,132,0
31,9,Piotr,Borys,https://api.sejm.gov.pl/sejm/term9/MP/90031/photo,,94.7,152,0
32,9,Bożena,Borys-Szopa,https://api.sejm.gov.pl/sejm/term9/MP/90032/photo,,99.78,6,0
36,9,Borys,Budka,https://api.sejm.gov.pl/sejm/term9/MP/90036/photo,,96.82,83,0
37,9,Stanisław,Bukowiec,https://api.sejm.gov.pl/sejm/term9/MP/90037/photo,,98.95,3089,57
38,9,Lidia,Burzyńska,https://api.sejm.gov.pl/sejm/term9/MP/90038/photo,,97.65,7,0
39,9,Wiesław,Buż,https://api.sejm.gov.pl/sejm/term9/MP/90039/photo,,98.69,88,80
40,9,Małgorzata,Chmiel,https://api.sejm.gov.pl/sejm/term9/MP/90040/photo,,98.15,85,201
41,9,Zbigniew,Chmielowiec,https://api.sejm.gov.pl/sejm/term9/MP/90041/photo,,99.2,26,0
42,9,Kazimierz,Choma,https://api.sejm.gov.pl/sejm/term9/MP/90042/photo,,99.76,35,0
43,9,Dominika,Chorosińska,https://api.sejm.gov.pl/sejm/term9/MP/90043/photo,,98.33,46,0
44,9,Tadeusz,Chrzan,https://api.sejm.gov.pl/sejm/term9/MP/90044/photo,,98.77,33,0
45,9,Anna,Cicholska,https://api.sejm.gov.pl/sejm/term9/MP/90045/photo,,98.63,26,0
46,9,Janusz,Cichoń,https://api.sejm.gov.pl/sejm/term9/MP/90046/photo,,96.16,175,0
47,9,Michał,Cieślak,https://api.sejm.gov.pl/sejm/term9/MP/90047/photo,,96.93,36,0
48,9,Tadeusz,Cymański,https://api.sejm.gov.pl/sejm/term9/MP/90048/photo,,96.48,159,37
49,9,Adam,Cyrański,https://api.sejm.gov.pl/sejm/term9/MP/90049/photo,,97.19,67,6
50,9,Krzysztof,Czarnecki,https://api.sejm.gov.pl/sejm/term9/MP/90050/photo,,97.03,23,0
51,9,Przemysław,Czarnecki,https://api.sejm.gov.pl/sejm/term9/MP/90051/photo,,96.16,101,1
52,9,Witold,Czarnecki,https://api.sejm.gov.pl/sejm/term9/MP/90052/photo,,97.32,25,0
53,9,Przemysław,Czarnek,https://api.sejm.gov.pl/sejm/term9/MP/90053/photo,,98.86,26,0
54,9,Arkadiusz,Czartoryski,https://api.sejm.gov.pl/sejm/term9/MP/90054/photo,,98.57,20,0
55,9,Włodzimierz,Czarzasty,https://api.sejm.gov.pl/sejm/term9/MP/90055/photo,,98.34,140,0
56,9,Jacek,Czerniak,https://api.sejm.gov.pl/sejm/term9/MP/90056/photo,,97.61,68,0
57,9,Zofia,Czernow,https://api.sejm.gov.pl/sejm/term9/MP/90057/photo,,99.56,87,496
58,9,Anita,Czerwińska,https://api.sejm.gov.pl/sejm/term9/MP/90058/photo,,99.37,15,0
59,9,Katarzyna,Czochara,https://api.sejm.gov.pl/sejm/term9/MP/90059/photo,,97.08,24,0
60,9,Eugeniusz,Czykwin,https://api.sejm.gov.pl/sejm/term9/MP/90060/photo,,97.31,115,8
63,9,Leszek,Dobrzyński,https://api.sejm.gov.pl/sejm/term9/MP/90063/photo,,98.95,19,19
64,9,Zbigniew,Dolata,https://api.sejm.gov.pl/sejm/term9/MP/90064/photo,,98.99,30,0
65,9,Barbara,Dolniak,https://api.sejm.gov.pl/sejm/term9/MP/90065/photo,,92.45,84,0
66,9,Bartłomiej,Dorywalski,https://api.sejm.gov.pl/sejm/term9/MP/90066/photo,,99.8,5,0
67,9,Przemysław,Drabek,https://api.sejm.gov.pl/sejm/term9/MP/90067/photo,,99.63,24,0
68,9,Elżbieta,Duda,https://api.sejm.gov.pl/sejm/term9/MP/90068/photo,,96.91,44,0
69,9,Jan,Duda,https://api.sejm.gov.pl/sejm/term9/MP/90069/photo,,97.83,46,21
70,9,Marcin,Duszek,https://api.sejm.gov.pl/sejm/term9/MP/90070/photo,,99.2,66,18
71,9,Michał,Dworczyk,https://api.sejm.gov.pl/sejm/term9/MP/90071/photo,,92.28,51,0
72,9,Marek,Dyduch,https://api.sejm.gov.pl/sejm/term9/MP/90072/photo,,96.11,192,208
73,9,Artur,Dziambor,https://api.sejm.gov.pl/sejm/term9/MP/90073/photo,,98.33,0,223
74,9,Jan,Dziedziczak,https://api.sejm.gov.pl/sejm/term9/MP/90074/photo,,96.81,149,0
75,9,Agnieszka,Dziemianowicz-Bąk,https://api.sejm.gov.pl/sejm/term9/MP/90075/photo,,97.72,201,0
76,9,Waldy,Dzikowski,https://api.sejm.gov.pl/sejm/term9/MP/90076/photo,,93.25,133,34
77,9,Barbara,Dziuk,https://api.sejm.gov.pl/sejm/term9/MP/90077/photo,,97.55,2,122
78,9,Jadwiga,Emilewicz,https://api.sejm.gov.pl/sejm/term9/MP/90078/photo,,94.89,92,33
79,9,Joanna,Fabisiak,https://api.sejm.gov.pl/sejm/term9/MP/90079/photo,,95.24,107,179
80,9,Monika,Falej,https://api.sejm.gov.pl/sejm/term9/MP/90080/photo,,97.52,130,203
81,9,Jolanta,Fedak,https://api.sejm.gov.pl/sejm/term9/MP/90081/photo,,98.19,116,12
82,9,Magdalena,Filiks,https://api.sejm.gov.pl/sejm/term9/MP/90082/photo,,82.09,109,0
83,9,Ewa,Filipiak,https://api.sejm.gov.pl/sejm/term9/MP/90083/photo,,95.6,14,0
84,9,Radosław,Fogiel,https://api.sejm.gov.pl/sejm/term9/MP/90084/photo,,98.28,16,0
85,9,Joanna,Frydrych,https://api.sejm.gov.pl/sejm/term9/MP/90085/photo,,99.37,62,0
86,9,Konrad,Frysztak,https://api.sejm.gov.pl/sejm/term9/MP/90086/photo,,99.15,84,0
87,9,Krzysztof,Gadowski,https://api.sejm.gov.pl/sejm/term9/MP/90087/photo,,98.74,75,0
88,9,Aleksandra,Gajewska,https://api.sejm.gov.pl/sejm/term9/MP/90088/photo,,96.05,89,0
89,9,Kinga,Gajewska,https://api.sejm.gov.pl/sejm/term9/MP/90089/photo,,95.21,82,0
90,9,Leszek,Galemba,https://api.sejm.gov.pl/sejm/term9/MP/90090/photo,,99.65,22,28
91,9,Ryszard,Galla,https://api.sejm.gov.pl/sejm/term9/MP/90091/photo,,90.22,0,48
92,9,Elżbieta,Gapińska,https://api.sejm.gov.pl/sejm/term9/MP/90092/photo,,97.9,67,0
93,9,Kamila,Gasiuk-Pihowicz,https://api.sejm.gov.pl/sejm/term9/MP/90093/photo,,95.97,104,0
94,9,Adam,Gawęda,https://api.sejm.gov.pl/sejm/term9/MP/90094/photo,,99.73,7,81
95,9,Krzysztof,Gawkowski,https://api.sejm.gov.pl/sejm/term9/MP/90095/photo,,99.18,55,0
96,9,Andrzej,Gawron,https://api.sejm.gov.pl/sejm/term9/MP/90096/photo,,98.49,93,0
97,9,Grzegorz,Gaża,https://api.sejm.gov.pl/sejm/term9/MP/90097/photo,,99.48,129,0
98,9,Maciej,Gdula,https://api.sejm.gov.pl/sejm/term9/MP/90098/photo,,97.21,144,56
99,9,Elżbieta,Gelert,https://api.sejm.gov.pl/sejm/term9/MP/90099/photo,,98.52,107,0
100,9,Anna,Gembicka,https://api.sejm.gov.pl/sejm/term9/MP/90100/photo,,99.93,0,0
101,9,Hanna,Gill-Piątek,https://api.sejm.gov.pl/sejm/term9/MP/90101/photo,,97.03,862,211
102,9,Zbigniew,Girzyński,https://api.sejm.gov.pl/sejm/term9/MP/90102/photo,,96.38,333,21
103,9,Szymon,Giżyński,https://api.sejm.gov.pl/sejm/term9/MP/90103/photo,,96.19,48,0
104,9,Teresa,Glenc,https://api.sejm.gov.pl/sejm/term9/MP/90104/photo,,94.18,37,31
105,9,Piotr,Gliński,https://api.sejm.gov.pl/sejm/term9/MP/90105/photo,,98.62,12,0
106,9,Tomasz,Głogowski,https://api.sejm.gov.pl/sejm/term9/MP/90106/photo,,97.62,148,0
107,9,Marta,Golbik,https://api.sejm.gov.pl/sejm/term9/MP/90107/photo,,98.56,126,0
108,9,Małgorzata,Golińska,https://api.sejm.gov.pl/sejm/term9/MP/90108/photo,,97.77,6,0
109,9,Kazimierz,Gołojuch,https://api.sejm.gov.pl/sejm/term9/MP/90109/photo,,99.15,21,0
110,9,Jarosław,Gonciarz,https://api.sejm.gov.pl/sejm/term9/MP/90110/photo,,99.78,15,123
111,9,Robert,Gontarz,https://api.sejm.gov.pl/sejm/term9/MP/90111/photo,,99.12,8,0
113,9,Małgorzata,Gosiewska,https://api.sejm.gov.pl/sejm/term9/MP/90113/photo,,99.59,73,17
114,9,Jarosław,Gowin,https://api.sejm.gov.pl/sejm/term9/MP/90114/photo,,94.31,0,10
115,9,Agnieszka,Górska,https://api.sejm.gov.pl/sejm/term9/MP/90115/photo,,98.76,53,0
116,9,Maciej,Górski,https://api.sejm.gov.pl/sejm/term9/MP/90116/photo,,99.58,29,28
117,9,Cezary,Grabarczyk,https://api.sejm.gov.pl/sejm/term9/MP/90117/photo,,99.32,92,135
118,9,Krzysztof,Grabczuk,https://api.sejm.gov.pl/sejm/term9/MP/90118/photo,,98.11,86,0
119,9,Jan,Grabiec,https://api.sejm.gov.pl/sejm/term9/MP/90119/photo,,96.84,91,0
120,9,Michał,Gramatyka,https://api.sejm.gov.pl/sejm/term9/MP/90120/photo,,97.7,467,0
121,9,Marek,Gróbarczyk,https://api.sejm.gov.pl/sejm/term9/MP/90121/photo,,98.88,10,0
122,9,Rafał,Grupiński,https://api.sejm.gov.pl/sejm/term9/MP/90122/photo,,98.84,115,42
123,9,Andrzej,Grzyb,https://api.sejm.gov.pl/sejm/term9/MP/90123/photo,,91.92,194,0
124,9,Andrzej,Gut-Mostowy,https://api.sejm.gov.pl/sejm/term9/MP/90124/photo,,97.33,140,0
125,9,Kazimierz,Gwiazdowski,https://api.sejm.gov.pl/sejm/term9/MP/90125/photo,,99.79,20,0
126,9,Marcin,Gwóźdź,https://api.sejm.gov.pl/sejm/term9/MP/90126/photo,,99.32,121,0
127,9,Riad,Haidar,https://api.sejm.gov.pl/sejm/term9/MP/90127/photo,,89.33,86,7
128,9,Teresa,Hałas,https://api.sejm.gov.pl/sejm/term9/MP/90128/photo,,94.84,73,13
129,9,Agnieszka,Hanajczyk,https://api.sejm.gov.pl/sejm/term9/MP/90129/photo,,99.1,123,0
130,9,Jerzy,Hardie-Douglas,https://api.sejm.gov.pl/sejm/term9/MP/90130/photo,,92.36,130,24
131,9,Iwona,Hartwich,https://api.sejm.gov.pl/sejm/term9/MP/90131/photo,,98.78,128,0
132,9,Paulina,Hennig-Kloska,https://api.sejm.gov.pl/sejm/term9/MP/90132/photo,,95.36,489,0
133,9,Czesław,Hoc,https://api.sejm.gov.pl/sejm/term9/MP/90133/photo,,99.58,15,0
134,9,Zbigniew,Hoffmann,https://api.sejm.gov.pl/sejm/term9/MP/90134/photo,,99.7,2,0
135,9,Marek,Hok,https://api.sejm.gov.pl/sejm/term9/MP/90135/photo,,96.19,177,0
136,9,Marcin,Horała,https://api.sejm.gov.pl/sejm/term9/MP/90136/photo,,97.39,38,0
137,9,Paweł,Hreniak,https://api.sejm.gov.pl/sejm/term9/MP/90137/photo,,99.85,32,0
138,9,Arkadiusz,Iwaniak,https://api.sejm.gov.pl/sejm/term9/MP/90138/photo,,94.54,65,40
139,9,Michał,Jach,https://api.sejm.gov.pl/sejm/term9/MP/90139/photo,,98.82,28,0
140,9,Klaudia,Jachira,https://api.sejm.gov.pl/sejm/term9/MP/90140/photo,,98.57,226,0
141,9,Wiesław,Janczyk,https://api.sejm.gov.pl/sejm/term9/MP/90141/photo,,99.68,100,25
142,9,Małgorzata,Janowska,https://api.sejm.gov.pl/sejm/term9/MP/90142/photo,,97.67,70,2
143,9,Maria,Janyska,https://api.sejm.gov.pl/sejm/term9/MP/90143/photo,,98.95,75,0
144,9,Michał,Jaros,https://api.sejm.gov.pl/sejm/term9/MP/90144/photo,,98.55,119,0
145,9,Joanna,Jaśkowiak,https://api.sejm.gov.pl/sejm/term9/MP/90145/photo,,94.35,73,34
146,9,Dariusz,Joński,https://api.sejm.gov.pl/sejm/term9/MP/90146/photo,,98.52,91,0
147,9,Norbert,Kaczmarczyk,https://api.sejm.gov.pl/sejm/term9/MP/90147/photo,,99.93,85,0
148,9,Filip,Kaczyński,https://api.sejm.gov.pl/sejm/term9/MP/90148/photo,,99.81,18,0
149,9,Jarosław,Kaczyński,https://api.sejm.gov.pl/sejm/term9/MP/90149/photo,,96.86,31,0
336,9,Joanna,Senyszyn,https://api.sejm.gov.pl/sejm/term9/MP/90336/photo,,95.04,98,326
337,9,Edward,Siarka,https://api.sejm.gov.pl/sejm/term9/MP/90337/photo,,98.28,43,0
338,9,Anna,Siarkowska,https://api.sejm.gov.pl/sejm/term9/MP/90338/photo,,95.46,4629,0
339,9,Krystyna,Sibińska,https://api.sejm.gov.pl/sejm/term9/MP/90339/photo,,97.08,93,103
340,9,Czesław,Siekierski,https://api.sejm.gov.pl/sejm/term9/MP/90340/photo,,95.8,185,0
341,9,Tomasz,Siemoniak,https://api.sejm.gov.pl/sejm/term9/MP/90341/photo,,99.11,144,0
342,9,Bartłomiej,Sienkiewicz,https://api.sejm.gov.pl/sejm/term9/MP/90342/photo,,96.88,137,0
344,9,Krystyna,Skowrońska,https://api.sejm.gov.pl/sejm/term9/MP/90344/photo,,98.52,105,0
345,9,Sławomir,Skwarek,https://api.sejm.gov.pl/sejm/term9/MP/90345/photo,,99.8,17,0
346,9,Waldemar,Sługocki,https://api.sejm.gov.pl/sejm/term9/MP/90346/photo,,96.3,127,0
347,9,Kazimierz,Smoliński,https://api.sejm.gov.pl/sejm/term9/MP/90347/photo,,97.72,12,0
348,9,Krzysztof,Sobolewski,https://api.sejm.gov.pl/sejm/term9/MP/90348/photo,,98.95,5,0
349,9,Artur,Soboń,https://api.sejm.gov.pl/sejm/term9/MP/90349/photo,,99.11,103,0
350,9,Agnieszka,Soin,https://api.sejm.gov.pl/sejm/term9/MP/90350/photo,,99.83,3,0
351,9,Bogusław,Sonik,https://api.sejm.gov.pl/sejm/term9/MP/90351/photo,,89.8,0,30
352,9,Andrzej,Sośnierz,https://api.sejm.gov.pl/sejm/term9/MP/90352/photo,,88.11,181,16
353,9,Dobromir,Sośnierz,https://api.sejm.gov.pl/sejm/term9/MP/90353/photo,,98.42,2307,362
354,9,Marek,Sowa,https://api.sejm.gov.pl/sejm/term9/MP/90354/photo,,96.05,87,0
355,9,Anita,Sowińska,https://api.sejm.gov.pl/sejm/term9/MP/90355/photo,,98.5,139,173
356,9,Katarzyna,Sójka,https://api.sejm.gov.pl/sejm/term9/MP/90356/photo,,98.89,29,0
357,9,Magdalena,Sroka,https://api.sejm.gov.pl/sejm/term9/MP/90357/photo,,97.59,3037,0
358,9,Mirosława,Stachowiak-Różecka,https://api.sejm.gov.pl/sejm/term9/MP/90358/photo,,99.51,23,0
359,9,Dariusz,Stefaniuk,https://api.sejm.gov.pl/sejm/term9/MP/90359/photo,,98.25,25,0
360,9,Franciszek,Sterczewski,https://api.sejm.gov.pl/sejm/term9/MP/90360/photo,,98.79,354,0
361,9,Beata,Strzałka,https://api.sejm.gov.pl/sejm/term9/MP/90361/photo,,99.44,79,81
362,9,Mirosław,Suchoń,https://api.sejm.gov.pl/sejm/term9/MP/90362/photo,,98.57,489,0
363,9,Marek,Suski,https://api.sejm.gov.pl/sejm/term9/MP/90363/photo,,99.39,13,0
364,9,Artur,Szałabawka,https://api.sejm.gov.pl/sejm/term9/MP/90364/photo,,97.98,24,0
365,9,Wojciech,Szarama,https://api.sejm.gov.pl/sejm/term9/MP/90365/photo,,94.33,33,0
366,9,Wiesław,Szczepański,https://api.sejm.gov.pl/sejm/term9/MP/90366/photo,,98.9,77,0
367,9,Michał,Szczerba,https://api.sejm.gov.pl/sejm/term9/MP/90367/photo,,98.18,133,0
368,9,Aleksandra,Łapiak,https://api.sejm.gov.pl/sejm/term9/MP/90368/photo,,98.52,62,2
369,9,Józefa,Szczurek-Żelazko,https://api.sejm.gov.pl/sejm/term9/MP/90369/photo,,99.68,52,0
370,9,Paweł,Szefernaker,https://api.sejm.gov.pl/sejm/term9/MP/90370/photo,,99.66,108,0
371,9,Andrzej,Szejna,https://api.sejm.gov.pl/sejm/term9/MP/90371/photo,,96.52,118,0
372,9,Andrzej,Szewiński,https://api.sejm.gov.pl/sejm/term9/MP/90372/photo,,98.88,104,0
373,9,Adam,Szłapka,https://api.sejm.gov.pl/sejm/term9/MP/90373/photo,,98.16,165,0
374,9,Jan,Szopiński,https://api.sejm.gov.pl/sejm/term9/MP/90374/photo,,99.59,150,1084
375,9,Paweł,Szramka,https://api.sejm.gov.pl/sejm/term9/MP/90375/photo,,95.73,1251,81
376,9,Krzysztof,Szulowski,https://api.sejm.gov.pl/sejm/term9/MP/90376/photo,,99.91,76,41
377,9,Krystyna,Szumilas,https://api.sejm.gov.pl/sejm/term9/MP/90377/photo,,95.41,102,0
378,9,Łukasz,Szumowski,https://api.sejm.gov.pl/sejm/term9/MP/90378/photo,,77.7,16,7
379,9,Stanisław,Szwed,https://api.sejm.gov.pl/sejm/term9/MP/90379/photo,,99.3,20,0
381,9,Tomasz,Szymański,https://api.sejm.gov.pl/sejm/term9/MP/90381/photo,,98.79,92,0
382,9,Szymon,Szynkowski vel Sęk,https://api.sejm.gov.pl/sejm/term9/MP/90382/photo,,95.57,21,0
383,9,Agnieszka,Ścigaj,https://api.sejm.gov.pl/sejm/term9/MP/90383/photo,,86.72,2144,0
384,9,Iwona,Śledzińska-Katarasińska,https://api.sejm.gov.pl/sejm/term9/MP/90384/photo,,90.36,72,81
385,9,Krzysztof,Śmiszek,https://api.sejm.gov.pl/sejm/term9/MP/90385/photo,,95.89,123,105
386,9,Janusz,Śniadek,https://api.sejm.gov.pl/sejm/term9/MP/90386/photo,,98.39,28,10
387,9,Adam,Śnieżek,https://api.sejm.gov.pl/sejm/term9/MP/90387/photo,,99.8,6,27
388,9,Jacek,Świat,https://api.sejm.gov.pl/sejm/term9/MP/90388/photo,,99.69,9,0
389,9,Dominik,Tarczyński,https://api.sejm.gov.pl/sejm/term9/MP/90389/photo,,82.95,0,1
390,9,Krzysztof,Tchórzewski,https://api.sejm.gov.pl/sejm/term9/MP/90390/photo,,98.85,6,0
391,9,Robert,Telus,https://api.sejm.gov.pl/sejm/term9/MP/90391/photo,,97.68,95,0
392,9,Ryszard,Terlecki,https://api.sejm.gov.pl/sejm/term9/MP/90392/photo,,97.76,5,0
393,9,Tadeusz,Tomaszewski,https://api.sejm.gov.pl/sejm/term9/MP/90393/photo,,99.32,76,0
394,9,Włodzimierz,Tomaszewski,https://api.sejm.gov.pl/sejm/term9/MP/90394/photo,,99.57,8,0
395,9,Jacek,Tomczak,https://api.sejm.gov.pl/sejm/term9/MP/90395/photo,,89.72,155,0
396,9,Cezary,Tomczyk,https://api.sejm.gov.pl/sejm/term9/MP/90396/photo,,93.81,138,0
397,9,Małgorzata,Tracz,https://api.sejm.gov.pl/sejm/term9/MP/90397/photo,,99.07,166,0
398,9,Tomasz,Trela,https://api.sejm.gov.pl/sejm/term9/MP/90398/photo,,97.59,136,0
400,9,Krzysztof,Truskolaski,https://api.sejm.gov.pl/sejm/term9/MP/90400/photo,,99.29,83,0
402,9,Sylwester,Tułajew,https://api.sejm.gov.pl/sejm/term9/MP/90402/photo,,100,112,0
403,9,Stanisław,Tyszka,https://api.sejm.gov.pl/sejm/term9/MP/90403/photo,,73.92,1992,0
404,9,Robert,Tyszkiewicz,https://api.sejm.gov.pl/sejm/term9/MP/90404/photo,,98.48,112,18
405,9,Katarzyna,Ueberhan,https://api.sejm.gov.pl/sejm/term9/MP/90405/photo,,96.66,162,0
406,9,Jarosław,Urbaniak,https://api.sejm.gov.pl/sejm/term9/MP/90406/photo,,97.87,133,0
407,9,Michał,Urbaniak,https://api.sejm.gov.pl/sejm/term9/MP/90407/photo,,95.89,1262,254
408,9,Piotr,Uruski,https://api.sejm.gov.pl/sejm/term9/MP/90408/photo,,98.01,34,0
410,9,Jarosław,Wałęsa,https://api.sejm.gov.pl/sejm/term9/MP/90410/photo,,96.72,122,0
411,9,Marcin,Warchoł,https://api.sejm.gov.pl/sejm/term9/MP/90411/photo,,98.39,42,0
413,9,Robert,Warwas,https://api.sejm.gov.pl/sejm/term9/MP/90413/photo,,99.99,5,0
414,9,Jan,Warzecha,https://api.sejm.gov.pl/sejm/term9/MP/90414/photo,,99.29,24,0
415,9,Anna,Wasilewska,https://api.sejm.gov.pl/sejm/term9/MP/90415/photo,,98.13,46,11
416,9,Małgorzata,Wassermann,https://api.sejm.gov.pl/sejm/term9/MP/90416/photo,,99.52,126,0
417,9,Piotr,Wawrzyk,https://api.sejm.gov.pl/sejm/term9/MP/90417/photo,,90.88,14,42
418,9,Maciej,Wąsik,https://api.sejm.gov.pl/sejm/term9/MP/90418/photo,,98.08,128,0
420,9,Rafał,Weber,https://api.sejm.gov.pl/sejm/term9/MP/90420/photo,,98.98,14,0
421,9,Marek,Wesoły,https://api.sejm.gov.pl/sejm/term9/MP/90421/photo,,94.9,35,0
422,9,Patryk,Wicher,https://api.sejm.gov.pl/sejm/term9/MP/90422/photo,,99.54,16,0
423,9,Dariusz,Wieczorek,https://api.sejm.gov.pl/sejm/term9/MP/90423/photo,,97.74,103,0
424,9,Monika,Wielichowska,https://api.sejm.gov.pl/sejm/term9/MP/90424/photo,,98.2,86,0
425,9,Ryszard,Wilczyński,https://api.sejm.gov.pl/sejm/term9/MP/90425/photo,,94.42,140,124
426,9,Jerzy,Wilk,https://api.sejm.gov.pl/sejm/term9/MP/90426/photo,,99.45,14,0
427,9,Robert,Winnicki,https://api.sejm.gov.pl/sejm/term9/MP/90427/photo,,79.88,1103,220
428,9,Mariusz,Witczak,https://api.sejm.gov.pl/sejm/term9/MP/90428/photo,,96.95,101,0
429,9,Elżbieta,Witek,https://api.sejm.gov.pl/sejm/term9/MP/90429/photo,,98.67,5,0
430,9,Grzegorz,Wojciechowski,https://api.sejm.gov.pl/sejm/term9/MP/90430/photo,,99.9,121,155
431,9,Agata,Wojtyszek,https://api.sejm.gov.pl/sejm/term9/MP/90431/photo,,99.57,14,0
433,9,Bogusław,Wontor,https://api.sejm.gov.pl/sejm/term9/MP/90433/photo,,92.88,60,21
434,9,Michał,Woś,https://api.sejm.gov.pl/sejm/term9/MP/90434/photo,,96.26,77,0
435,9,Grzegorz,Woźniak,https://api.sejm.gov.pl/sejm/term9/MP/90435/photo,,99.1,9,0
436,9,Tadeusz,Woźniak,https://api.sejm.gov.pl/sejm/term9/MP/90436/photo,,99.66,55,0
437,9,Michał,Wójcik,https://api.sejm.gov.pl/sejm/term9/MP/90437/photo,,99.83,36,0
438,9,Bartłomiej,Wróblewski,https://api.sejm.gov.pl/sejm/term9/MP/90438/photo,,97.47,48,0
441,9,Paweł,Zalewski,https://api.sejm.gov.pl/sejm/term9/MP/90441/photo,,97.17,510,0
442,9,Adrian,Zandberg,https://api.sejm.gov.pl/sejm/term9/MP/90442/photo,,97.3,300,0
443,9,Marcelina,Zawisza,https://api.sejm.gov.pl/sejm/term9/MP/90443/photo,,90.27,271,0
444,9,Sławomir,Zawiślak,https://api.sejm.gov.pl/sejm/term9/MP/90444/photo,,94.47,153,0
445,9,Witold,Zembaczyński,https://api.sejm.gov.pl/sejm/term9/MP/90445/photo,,95.53,142,0
446,9,Piotr,Zgorzelski,https://api.sejm.gov.pl/sejm/term9/MP/90446/photo,,93.83,132,0
447,9,Zbigniew,Ziejewski,https://api.sejm.gov.pl/sejm/term9/MP/90447/photo,,95.53,176,0
449,9,Jarosław,Zieliński,https://api.sejm.gov.pl/sejm/term9/MP/90449/photo,,99.79,17,0
450,9,Tomasz,Zieliński,https://api.sejm.gov.pl/sejm/term9/MP/90450/photo,,99.98,11,0
451,9,Piotr,Zientarski,https://api.sejm.gov.pl/sejm/term9/MP/90451/photo,,96.79,78,0
452,9,Tomasz,Zimoch,https://api.sejm.gov.pl/sejm/term9/MP/90452/photo,,98.31,502,0
453,9,Zbigniew,Ziobro,https://api.sejm.gov.pl/sejm/term9/MP/90453/photo,,85.96,118,0
454,9,Wojciech,Zubowski,https://api.sejm.gov.pl/sejm/term9/MP/90454/photo,,99.27,6,0
455,9,Tadeusz,Zwiefka,https://api.sejm.gov.pl/sejm/term9/MP/90455/photo,,97.42,91,18
456,9,Ireneusz,Zyska,https://api.sejm.gov.pl/sejm/term9/MP/90456/photo,,98.24,24,0
457,9,Jacek,Żalek,https://api.sejm.gov.pl/sejm/term9/MP/90457/photo,,94.01,118,6
458,9,Bożena,Żelazowska,https://api.sejm.gov.pl/sejm/term9/MP/90458/photo,,98.11,130,0
459,9,Stanisław,Żuk,https://api.sejm.gov.pl/sejm/term9/MP/90459/photo,,96.86,151,60
460,9,Anna,Żukowska,https://api.sejm.gov.pl/sejm/term9/MP/90460/photo,,93.02,86,0
461,9,Waldemar,Olejniczak,https://api.sejm.gov.pl/sejm/term9/MP/90461/photo,,94.1,20,2
462,9,Jacek,Kurzępa,https://api.sejm.gov.pl/sejm/term9/MP/90462/photo,,99.25,20,70
463,9,Andrzej,Szlachta,https://api.sejm.gov.pl/sejm/term9/MP/90463/photo,,99.09,20,165
464,9,Mariusz,Gosek,https://api.sejm.gov.pl/sejm/term9/MP/90464/photo,,99.64,45,0
465,9,Szymon,Pogoda,https://api.sejm.gov.pl/sejm/term9/MP/90465/photo,,99.75,26,0
466,9,Łukasz,Mejza,https://api.sejm.gov.pl/sejm/term9/MP/90466/photo,,91.72,0,0
467,9,Anna,Wojciechowska,https://api.sejm.gov.pl/sejm/term9/MP/90467/photo,,98.92,44,0
468,9,Adam,Ołdakowski,https://api.sejm.gov.pl/sejm/term9/MP/90468/photo,,98.58,20,7
469,9,Zbigniew,Ajchler,https://api.sejm.gov.pl/sejm/term9/MP/90469/photo,,78.99,0,11
471,9,Elżbieta,Zielińska,https://api.sejm.gov.pl/sejm/term9/MP/90471/photo,,95.29,5,10
472,9,Krzysztof,Głuchowski,https://api.sejm.gov.pl/sejm/term9/MP/90472/photo,,91.48,5,14
473,9,Leszek,Kowalczyk,https://api.sejm.gov.pl/sejm/term9/MP/90473/photo,,99.63,0,14
474,9,Iwona,Kurowska,https://api.sejm.gov.pl/sejm/term9/MP/90474/photo,,98.86,0,49
475,9,Stanisław,Żmijan,https://api.sejm.gov.pl/sejm/term9/MP/90475/photo,,97.62,1,2
186,10,Iwona,Krawczyk,https://api.sejm.gov.pl/sejm/term10/MP/186/photo,,95.58,5,220
204,10,Zbigniew,Kuźmiuk,https://api.sejm.gov.pl/sejm/term10/MP/204/photo,,96.4,28,128
219,10,Adam,Luboński,https://api.sejm.gov.pl/sejm/term10/MP/219/photo,,95.05,17,177
233,10,Dorota,Marek,https://api.sejm.gov.pl/sejm/term10/MP/233/photo,,99.18,2,294
247,10,Jan,Mosiński,https://api.sejm.gov.pl/sejm/term10/MP/247/photo,,86.4,17,104
259,10,Jacek,Niedźwiedzki,https://api.sejm.gov.pl/sejm/term10/MP/259/photo,,98.92,8,220
154,9,Mariusz,Kamiński,https://api.sejm.gov.pl/sejm/term9/MP/90154/photo,,94.05,21,0
261,10,Jolanta,Niezgodzka,https://api.sejm.gov.pl/sejm/term10/MP/261/photo,,98.54,4,130
263,10,Barbara,Nowacka,https://api.sejm.gov.pl/sejm/term10/MP/263/photo,,91.88,18,156
271,10,Barbara,Okuła,https://api.sejm.gov.pl/sejm/term10/MP/271/photo,,99.27,16,368
284,10,Karolina,Pawliczak,https://api.sejm.gov.pl/sejm/term10/MP/284/photo,,99.33,6,310
290,10,Anna,Pieczarka,https://api.sejm.gov.pl/sejm/term10/MP/290/photo,,96.19,15,161
327,10,Ewa,Schädler,https://api.sejm.gov.pl/sejm/term10/MP/327/photo,,95.49,13,298
343,10,Sławomir,Skwarek,https://api.sejm.gov.pl/sejm/term10/MP/343/photo,,95.58,46,138
155,9,Jan,Kanthak,https://api.sejm.gov.pl/sejm/term9/MP/90155/photo,,99.07,77,0
156,9,Fryderyk,Kapinos,https://api.sejm.gov.pl/sejm/term9/MP/90156/photo,,98.48,11,0
347,10,Anna,Sobolak,https://api.sejm.gov.pl/sejm/term10/MP/347/photo,,98.51,10,127
166,9,Przemysław,Koperski,https://api.sejm.gov.pl/sejm/term9/MP/90166/photo,,92.72,120,167
354,10,Magdalena,Sroka,https://api.sejm.gov.pl/sejm/term10/MP/354/photo,,97.16,9,149
363,10,Wojciech,Szarama,https://api.sejm.gov.pl/sejm/term10/MP/363/photo,,81.86,72,96
378,10,Szymon,Szynkowski vel Sęk,https://api.sejm.gov.pl/sejm/term10/MP/378/photo,,92.18,25,109
393,10,Stanisław,Tomczyszyn,https://api.sejm.gov.pl/sejm/term10/MP/393/photo,,99.21,9,57
402,10,Katarzyna,Ueberhan,https://api.sejm.gov.pl/sejm/term10/MP/402/photo,,94.67,33,344
421,10,Monika,Wielichowska,https://api.sejm.gov.pl/sejm/term10/MP/421/photo,,95.75,7,332
167,9,Maciej,Kopiec,https://api.sejm.gov.pl/sejm/term9/MP/90167/photo,,96.06,215,139
168,9,Janusz,Korwin-Mikke,https://api.sejm.gov.pl/sejm/term9/MP/90168/photo,,90.03,1627,281
426,10,Adrian,Witczak,https://api.sejm.gov.pl/sejm/term10/MP/426/photo,,98.36,9,115
430,10,Kamil,Wnuk,https://api.sejm.gov.pl/sejm/term10/MP/430/photo,,93.55,17,419
469,10,Barbara,Grygorcewicz,https://api.sejm.gov.pl/sejm/term10/MP/469/photo,,99.21,2,234
471,10,Urszula,Koszutska,https://api.sejm.gov.pl/sejm/term10/MP/471/photo,,98.91,5,87
476,10,Wioletta,Kulpa,https://api.sejm.gov.pl/sejm/term10/MP/476/photo,,98.91,21,440
480,10,Anna,Paluch,https://api.sejm.gov.pl/sejm/term10/MP/480/photo,,97.37,36,262
487,10,Maciej,Tomczykiewicz,https://api.sejm.gov.pl/sejm/term10/MP/487/photo,,95.09,6,74
161,9,Joanna,Kluzik-Rostkowska,https://api.sejm.gov.pl/sejm/term9/MP/90161/photo,,98.48,144,0
162,9,Lech,Kołakowski,https://api.sejm.gov.pl/sejm/term9/MP/90162/photo,,98.09,213,1
170,9,Wojciech,Kossakowski,https://api.sejm.gov.pl/sejm/term9/MP/90170/photo,,98.35,98,8
163,9,Ewa,Kołodziej,https://api.sejm.gov.pl/sejm/term9/MP/90163/photo,,97.87,73,0
165,9,Zbigniew,Konwiński,https://api.sejm.gov.pl/sejm/term9/MP/90165/photo,,98.24,81,0
169,9,Władysław,Kosiniak-Kamysz,https://api.sejm.gov.pl/sejm/term9/MP/90169/photo,,93.44,116,0
171,9,Tomasz,Kostuś,https://api.sejm.gov.pl/sejm/term9/MP/90171/photo,,99.15,86,0
172,9,Andrzej,Kosztowniak,https://api.sejm.gov.pl/sejm/term9/MP/90172/photo,,99.69,10,0
173,9,Katarzyna,Kotula,https://api.sejm.gov.pl/sejm/term9/MP/90173/photo,,94.49,66,0
2,10,Piotr,Adamowicz,https://api.sejm.gov.pl/sejm/term10/MP/2/photo,,98.77,7,79
3,10,Adam,Andruszkiewicz,https://api.sejm.gov.pl/sejm/term10/MP/3/photo,,83.27,28,127
4,10,Waldemar,Andzel,https://api.sejm.gov.pl/sejm/term10/MP/4/photo,,98.21,16,609
5,10,Dorota,Arciszewska-Mielewczyk,https://api.sejm.gov.pl/sejm/term10/MP/5/photo,,91,24,74
174,9,Paweł,Kowal,https://api.sejm.gov.pl/sejm/term9/MP/90174/photo,,94.35,112,0
6,10,Jan,Ardanowski,https://api.sejm.gov.pl/sejm/term10/MP/6/photo,,86.87,139,17
7,10,Iwona,Arent,https://api.sejm.gov.pl/sejm/term10/MP/7/photo,,84.15,23,120
8,10,Bartosz,Arłukowicz,https://api.sejm.gov.pl/sejm/term10/MP/8/photo,,99.55,1,9
9,10,Marek,Ast,https://api.sejm.gov.pl/sejm/term10/MP/9/photo,,94.67,15,17
10,10,Urszula,Augustyn,https://api.sejm.gov.pl/sejm/term10/MP/10/photo,,99.27,6,150
11,10,Piotr,Babinetz,https://api.sejm.gov.pl/sejm/term10/MP/11/photo,,91.68,21,77
12,10,Ryszard,Bartosik,https://api.sejm.gov.pl/sejm/term10/MP/12/photo,,95.93,30,129
13,10,Władysław,Bartoszewski,https://api.sejm.gov.pl/sejm/term10/MP/13/photo,,95.05,18,38
14,10,Barbara,Bartuś,https://api.sejm.gov.pl/sejm/term10/MP/14/photo,,98.15,12,677
15,10,Paweł,Bejda,https://api.sejm.gov.pl/sejm/term10/MP/15/photo,,95.69,14,48
16,10,Konrad,Berkowicz,https://api.sejm.gov.pl/sejm/term10/MP/16/photo,,78.64,290,196
175,9,Henryk,Kowalczyk,https://api.sejm.gov.pl/sejm/term9/MP/90175/photo,,99.61,25,0
176,9,Janusz,Kowalski,https://api.sejm.gov.pl/sejm/term9/MP/90176/photo,,98.16,79,0
17,10,Sylwia,Bielawska,https://api.sejm.gov.pl/sejm/term10/MP/17/photo,,99.38,3,253
18,10,Marek,Biernacki,https://api.sejm.gov.pl/sejm/term10/MP/18/photo,,95.96,28,81
19,10,Paweł,Bliźniuk,https://api.sejm.gov.pl/sejm/term10/MP/19/photo,,99.24,4,84
20,10,Mariusz,Błaszczak,https://api.sejm.gov.pl/sejm/term10/MP/20/photo,,95.63,24,652
21,10,Mateusz,Bochenek,https://api.sejm.gov.pl/sejm/term10/MP/21/photo,,99.38,2,264
22,10,Rafał,Bochenek,https://api.sejm.gov.pl/sejm/term10/MP/22/photo,,96.69,16,57
23,10,Izabela,Bodnar,https://api.sejm.gov.pl/sejm/term10/MP/23/photo,,92.68,0,217
24,10,Jacek,Bogucki,https://api.sejm.gov.pl/sejm/term10/MP/24/photo,,89.89,74,43
25,10,Zbigniew,Bogucki,https://api.sejm.gov.pl/sejm/term10/MP/25/photo,,96.82,9,257
26,10,Krzysztof,Bojarski,https://api.sejm.gov.pl/sejm/term10/MP/26/photo,,95.34,3,24
27,10,Joanna,Borowiak,https://api.sejm.gov.pl/sejm/term10/MP/27/photo,,98.3,11,368
28,10,Kamil,Bortniczuk,https://api.sejm.gov.pl/sejm/term10/MP/28/photo,,84.53,46,34
29,10,Piotr,Borys,https://api.sejm.gov.pl/sejm/term10/MP/29/photo,,96.16,13,212
30,10,Bożena,Borys-Szopa,https://api.sejm.gov.pl/sejm/term10/MP/30/photo,,98.48,18,111
32,10,Karina,Bosak,https://api.sejm.gov.pl/sejm/term10/MP/32/photo,,84.82,65,201
33,10,Krzysztof,Bosak,https://api.sejm.gov.pl/sejm/term10/MP/33/photo,,90.18,65,264
34,10,Grzegorz,Braun,https://api.sejm.gov.pl/sejm/term10/MP/34/photo,,80.09,30,1029
35,10,Krzysztof,Brejza,https://api.sejm.gov.pl/sejm/term10/MP/35/photo,,93.88,0,5
36,10,Agnieszka,Buczyńska,https://api.sejm.gov.pl/sejm/term10/MP/36/photo,,78.32,4,120
37,10,Waldemar,Buda,https://api.sejm.gov.pl/sejm/term10/MP/37/photo,,88.59,7,72
38,10,Borys,Budka,https://api.sejm.gov.pl/sejm/term10/MP/38/photo,,97.99,1,149
39,10,Elżbieta,Burkiewicz,https://api.sejm.gov.pl/sejm/term10/MP/39/photo,,96.28,36,137
40,10,Lidia,Burzyńska,https://api.sejm.gov.pl/sejm/term10/MP/40/photo,,98.04,18,191
41,10,Marek,Chmielewski,https://api.sejm.gov.pl/sejm/term10/MP/41/photo,,99.3,4,169
42,10,Zbigniew,Chmielowiec,https://api.sejm.gov.pl/sejm/term10/MP/42/photo,,94.84,79,90
43,10,Artur,Chojecki,https://api.sejm.gov.pl/sejm/term10/MP/43/photo,,96.54,25,24
44,10,Kazimierz,Choma,https://api.sejm.gov.pl/sejm/term10/MP/44/photo,,97.92,39,195
45,10,Dominika,Chorosińska,https://api.sejm.gov.pl/sejm/term10/MP/45/photo,,88.22,33,75
46,10,Tadeusz,Chrzan,https://api.sejm.gov.pl/sejm/term10/MP/46/photo,,90.13,37,199
181,9,Jarosław,Krajewski,https://api.sejm.gov.pl/sejm/term9/MP/90181/photo,,99.61,92,0
183,9,Wiesław,Krajewski,https://api.sejm.gov.pl/sejm/term9/MP/90183/photo,,99.39,18,0
186,9,Katarzyna,Kretkowska,https://api.sejm.gov.pl/sejm/term9/MP/90186/photo,,98.2,74,215
47,10,Alicja,Chybicka,https://api.sejm.gov.pl/sejm/term10/MP/47/photo,,99.21,6,41
48,10,Anna,Cicholska,https://api.sejm.gov.pl/sejm/term10/MP/48/photo,,81.86,33,77
49,10,Janusz,Cichoń,https://api.sejm.gov.pl/sejm/term10/MP/49/photo,,97.63,29,220
50,10,Krzysztof,Ciecióra,https://api.sejm.gov.pl/sejm/term10/MP/50/photo,,97.42,97,364
51,10,Janusz,Cieszyński,https://api.sejm.gov.pl/sejm/term10/MP/51/photo,,83.62,101,513
52,10,Michał,Cieślak,https://api.sejm.gov.pl/sejm/term10/MP/52/photo,,87.84,76,139
53,10,Żaneta,Cwalina-Śliwowska,https://api.sejm.gov.pl/sejm/term10/MP/53/photo,,95.28,8,147
54,10,Krzysztof,Czarnecki,https://api.sejm.gov.pl/sejm/term10/MP/54/photo,,97.63,22,36
55,10,Witold,Czarnecki,https://api.sejm.gov.pl/sejm/term10/MP/55/photo,,90.48,18,36
56,10,Przemysław,Czarnek,https://api.sejm.gov.pl/sejm/term10/MP/56/photo,,86.32,58,120
58,10,Włodzimierz,Czarzasty,https://api.sejm.gov.pl/sejm/term10/MP/58/photo,,84.82,16,14
190,9,Anna,Krupka,https://api.sejm.gov.pl/sejm/term9/MP/90190/photo,,98.19,62,0
59,10,Jacek,Czerniak,https://api.sejm.gov.pl/sejm/term10/MP/59/photo,,95.93,14,69
61,10,Anita,Czerwińska,https://api.sejm.gov.pl/sejm/term10/MP/61/photo,,90.33,16,174
62,10,Katarzyna,Czochara,https://api.sejm.gov.pl/sejm/term10/MP/62/photo,,65.6,49,97
63,10,Sławomir,Ćwik,https://api.sejm.gov.pl/sejm/term10/MP/63/photo,,98.71,18,226
64,10,Władysław,Dajczak,https://api.sejm.gov.pl/sejm/term10/MP/64/photo,,89.95,30,160
65,10,Anna,Dąbrowska-Banaszek,https://api.sejm.gov.pl/sejm/term10/MP/65/photo,,98.95,47,648
191,9,Paweł,Krutul,https://api.sejm.gov.pl/sejm/term9/MP/90191/photo,,97.81,131,145
66,10,Zbigniew,Dolata,https://api.sejm.gov.pl/sejm/term10/MP/66/photo,,96.89,41,113
67,10,Barbara,Dolniak,https://api.sejm.gov.pl/sejm/term10/MP/67/photo,,99.09,3,397
68,10,Andrzej,Domański,https://api.sejm.gov.pl/sejm/term10/MP/68/photo,,92.03,9,26
69,10,Bartłomiej,Dorywalski,https://api.sejm.gov.pl/sejm/term10/MP/69/photo,,98.77,57,213
70,10,Robert,Dowhan,https://api.sejm.gov.pl/sejm/term10/MP/70/photo,,78.76,61,30
192,9,Andrzej,Kryj,https://api.sejm.gov.pl/sejm/term9/MP/90192/photo,,99.77,24,0
71,10,Przemysław,Drabek,https://api.sejm.gov.pl/sejm/term10/MP/71/photo,,96.02,10,329
72,10,Elżbieta,Duda,https://api.sejm.gov.pl/sejm/term10/MP/72/photo,,94.08,22,68
73,10,Michał,Dworczyk,https://api.sejm.gov.pl/sejm/term10/MP/73/photo,,69.35,2,17
74,10,Adam,Dziedzic,https://api.sejm.gov.pl/sejm/term10/MP/74/photo,,95.93,34,401
75,10,Jan,Dziedziczak,https://api.sejm.gov.pl/sejm/term10/MP/75/photo,,81.28,14,117
76,10,Agnieszka,Dziemianowicz-Bąk,https://api.sejm.gov.pl/sejm/term10/MP/76/photo,,96.57,24,126
77,10,Magdalena,Filiks,https://api.sejm.gov.pl/sejm/term10/MP/77/photo,,71.78,18,55
78,10,Magdalena,Filipek-Sobczak,https://api.sejm.gov.pl/sejm/term10/MP/78/photo,,98.24,17,243
79,10,Radosław,Fogiel,https://api.sejm.gov.pl/sejm/term10/MP/79/photo,,84.65,20,84
80,10,Bronisław,Foltyn,https://api.sejm.gov.pl/sejm/term10/MP/80/photo,,94.05,238,191
81,10,Roman,Fritz,https://api.sejm.gov.pl/sejm/term10/MP/81/photo,,93.47,36,359
194,9,Henryka,Krzywonos-Strycharska,https://api.sejm.gov.pl/sejm/term9/MP/90194/photo,,93.73,89,0
195,9,Marta,Kubiak,https://api.sejm.gov.pl/sejm/term9/MP/90195/photo,,99.86,7,37
196,9,Krzysztof,Kubów,https://api.sejm.gov.pl/sejm/term9/MP/90196/photo,,99.03,12,0
82,10,Joanna,Frydrych,https://api.sejm.gov.pl/sejm/term10/MP/82/photo,,99.3,2,241
83,10,Konrad,Frysztak,https://api.sejm.gov.pl/sejm/term10/MP/83/photo,,96.34,6,222
84,10,Patryk,Gabriel,https://api.sejm.gov.pl/sejm/term10/MP/84/photo,,98.95,9,153
85,10,Krzysztof,Gadowski,https://api.sejm.gov.pl/sejm/term10/MP/85/photo,,97.04,10,474
86,10,Aleksandra,Gajewska,https://api.sejm.gov.pl/sejm/term10/MP/86/photo,,96.84,5,205
87,10,Kinga,Gajewska,https://api.sejm.gov.pl/sejm/term10/MP/87/photo,,97.83,2,48
88,10,Elżbieta,Gapińska,https://api.sejm.gov.pl/sejm/term10/MP/88/photo,,99.3,6,91
89,10,Kamila,Gasiuk-Pihowicz,https://api.sejm.gov.pl/sejm/term10/MP/89/photo,,92.17,0,90
90,10,Krzysztof,Gawkowski,https://api.sejm.gov.pl/sejm/term10/MP/90/photo,,94.61,47,289
91,10,Zdzisław,Gawlik,https://api.sejm.gov.pl/sejm/term10/MP/91/photo,,98.3,6,50
92,10,Andrzej,Gawron,https://api.sejm.gov.pl/sejm/term10/MP/92/photo,,92.47,60,251
197,9,Anita,Kucharska-Dziedzic,https://api.sejm.gov.pl/sejm/term9/MP/90197/photo,,97.61,95,0
93,10,Grzegorz,Gaża,https://api.sejm.gov.pl/sejm/term10/MP/93/photo,,86.26,38,151
94,10,Elżbieta,Gelert,https://api.sejm.gov.pl/sejm/term10/MP/94/photo,,97.57,3,116
95,10,Anna,Gembicka,https://api.sejm.gov.pl/sejm/term10/MP/95/photo,,91.74,55,1111
96,10,Artur,Gierada,https://api.sejm.gov.pl/sejm/term10/MP/96/photo,,97.63,9,40
97,10,Roman,Giertych,https://api.sejm.gov.pl/sejm/term10/MP/97/photo,,89.33,10,31
98,10,Włodzisław,Giziński,https://api.sejm.gov.pl/sejm/term10/MP/98/photo,,96.6,4,27
100,10,Piotr,Gliński,https://api.sejm.gov.pl/sejm/term10/MP/100/photo,,95.63,18,201
101,10,Tomasz,Głogowski,https://api.sejm.gov.pl/sejm/term10/MP/101/photo,,97.28,6,133
104,10,Małgorzata,Golińska,https://api.sejm.gov.pl/sejm/term10/MP/104/photo,,95.02,15,221
105,10,Kazimierz,Gołojuch,https://api.sejm.gov.pl/sejm/term10/MP/105/photo,,94.4,33,53
103,10,Marta,Golbik,https://api.sejm.gov.pl/sejm/term10/MP/103/photo,,98.8,5,111
108,10,Stanisław,Gorczyca,https://api.sejm.gov.pl/sejm/term10/MP/108/photo,,98.33,24,42
109,10,Mariusz,Gosek,https://api.sejm.gov.pl/sejm/term10/MP/109/photo,,96.07,73,133
110,10,Daria,Gosek-Popiołek,https://api.sejm.gov.pl/sejm/term10/MP/110/photo,,91.03,100,454
111,10,Małgorzata,Gosiewska,https://api.sejm.gov.pl/sejm/term10/MP/111/photo,,83,8,0
112,10,Piotr,Górnikiewicz,https://api.sejm.gov.pl/sejm/term10/MP/112/photo,,97.16,26,221
113,10,Agnieszka,Górska,https://api.sejm.gov.pl/sejm/term10/MP/113/photo,,88.9,54,132
200,9,Marcin,Kulasek,https://api.sejm.gov.pl/sejm/term9/MP/90200/photo,,97.68,28,48
116,10,Marcin,Grabowski,https://api.sejm.gov.pl/sejm/term10/MP/116/photo,,98.39,29,69
117,10,Michał,Gramatyka,https://api.sejm.gov.pl/sejm/term10/MP/117/photo,,96.28,25,505
118,10,Małgorzata,Gromadzka,https://api.sejm.gov.pl/sejm/term10/MP/118/photo,,98.01,5,288
119,10,Marek,Gróbarczyk,https://api.sejm.gov.pl/sejm/term10/MP/119/photo,,97.95,28,289
120,10,Andrzej,Grzyb,https://api.sejm.gov.pl/sejm/term10/MP/120/photo,,87.34,31,359
121,10,Andrzej,Gut-Mostowy,https://api.sejm.gov.pl/sejm/term10/MP/121/photo,,82.89,39,82
122,10,Kazimierz,Gwiazdowski,https://api.sejm.gov.pl/sejm/term10/MP/122/photo,,94.17,35,126
123,10,Marcin,Gwóźdź,https://api.sejm.gov.pl/sejm/term10/MP/123/photo,,98.27,23,155
124,10,Marek,Gzik,https://api.sejm.gov.pl/sejm/term10/MP/124/photo,,97.8,3,9
125,10,Krzysztof,Habura,https://api.sejm.gov.pl/sejm/term10/MP/125/photo,,93.73,6,252
126,10,Agnieszka,Hanajczyk,https://api.sejm.gov.pl/sejm/term10/MP/126/photo,,97.25,4,137
127,10,Iwona,Hartwich,https://api.sejm.gov.pl/sejm/term10/MP/127/photo,,99.24,3,157
201,9,Jakub,Kulesza,https://api.sejm.gov.pl/sejm/term9/MP/90201/photo,,87.75,0,114
202,9,Maria,Kurowska,https://api.sejm.gov.pl/sejm/term9/MP/90202/photo,,98.95,68,0
128,10,Paulina,Hennig-Kloska,https://api.sejm.gov.pl/sejm/term10/MP/128/photo,,97.89,33,360
129,10,Krzysztof,Hetman,https://api.sejm.gov.pl/sejm/term10/MP/129/photo,,82.33,1,9
130,10,Czesław,Hoc,https://api.sejm.gov.pl/sejm/term10/MP/130/photo,,97.74,24,294
131,10,Zbigniew,Hoffmann,https://api.sejm.gov.pl/sejm/term10/MP/131/photo,,97.01,13,470
132,10,Marek,Hok,https://api.sejm.gov.pl/sejm/term10/MP/132/photo,,96.66,4,118
133,10,Szymon,Hołownia,https://api.sejm.gov.pl/sejm/term10/MP/133/photo,,93.14,22,1
134,10,Marcin,Horała,https://api.sejm.gov.pl/sejm/term10/MP/134/photo,,91.3,20,154
135,10,Łukasz,Horbatowski,https://api.sejm.gov.pl/sejm/term10/MP/135/photo,,97.95,7,204
136,10,Paweł,Hreniak,https://api.sejm.gov.pl/sejm/term10/MP/136/photo,,97.74,25,235
137,10,Paweł,Jabłoński,https://api.sejm.gov.pl/sejm/term10/MP/137/photo,,87.34,134,508
138,10,Klaudia,Jachira,https://api.sejm.gov.pl/sejm/term10/MP/138/photo,,96.31,82,725
139,10,Marek,Jakubiak,https://api.sejm.gov.pl/sejm/term10/MP/139/photo,,85.94,94,223
140,10,Maria,Janyska,https://api.sejm.gov.pl/sejm/term10/MP/140/photo,,97.16,3,188
142,10,Patryk,Jaskulski,https://api.sejm.gov.pl/sejm/term10/MP/142/photo,,95.87,4,196
143,10,Danuta,Jazłowiecka,https://api.sejm.gov.pl/sejm/term10/MP/143/photo,,33.43,5,89
144,10,Dariusz,Joński,https://api.sejm.gov.pl/sejm/term10/MP/144/photo,,100,1,122
145,10,Marcin,Józefaciuk,https://api.sejm.gov.pl/sejm/term10/MP/145/photo,,99.12,0,753
146,10,Norbert,Kaczmarczyk,https://api.sejm.gov.pl/sejm/term10/MP/146/photo,,98.51,100,412
203,9,Władysław,Kurowski,https://api.sejm.gov.pl/sejm/term9/MP/90203/photo,,97.74,20,0
204,9,Dariusz,Kurzawa,https://api.sejm.gov.pl/sejm/term9/MP/90204/photo,,96.02,69,78
205,9,Robert,Kwiatkowski,https://api.sejm.gov.pl/sejm/term9/MP/90205/photo,,97.35,146,79
147,10,Filip,Kaczyński,https://api.sejm.gov.pl/sejm/term10/MP/147/photo,,97.3,36,179
148,10,Jarosław,Kaczyński,https://api.sejm.gov.pl/sejm/term10/MP/148/photo,,82.42,25,26
149,10,Piotr,Kaleta,https://api.sejm.gov.pl/sejm/term10/MP/149/photo,,98.95,33,167
150,10,Sebastian,Kaleta,https://api.sejm.gov.pl/sejm/term10/MP/150/photo,,93.06,62,489
151,10,Mariusz,Kałużny,https://api.sejm.gov.pl/sejm/term10/MP/151/photo,,84.35,110,79
153,10,Piotr,Kandyba,https://api.sejm.gov.pl/sejm/term10/MP/153/photo,,99.06,6,152
154,10,Jan,Kanthak,https://api.sejm.gov.pl/sejm/term10/MP/154/photo,,93.55,59,347
155,10,Fryderyk,Kapinos,https://api.sejm.gov.pl/sejm/term10/MP/155/photo,,92.24,42,393
157,10,Iwona,Karolewska,https://api.sejm.gov.pl/sejm/term10/MP/157/photo,,92.91,5,173
158,10,Rafał,Kasprzyk,https://api.sejm.gov.pl/sejm/term10/MP/158/photo,,96.86,9,229
159,10,Henryk,Kiepura,https://api.sejm.gov.pl/sejm/term10/MP/159/photo,,92.26,13,18
160,10,Marcin,Kierwiński,https://api.sejm.gov.pl/sejm/term10/MP/160/photo,,98.21,1,74
162,10,Dariusz,Klimczak,https://api.sejm.gov.pl/sejm/term10/MP/162/photo,,97.1,29,268
163,10,Joanna,Kluzik-Rostkowska,https://api.sejm.gov.pl/sejm/term10/MP/163/photo,,99,7,33
164,10,Agnieszka,Kłopotek,https://api.sejm.gov.pl/sejm/term10/MP/164/photo,,94.81,13,224
165,10,Łukasz,Kmita,https://api.sejm.gov.pl/sejm/term10/MP/165/photo,,90.48,40,226
166,10,Michał,Kobosko,https://api.sejm.gov.pl/sejm/term10/MP/166/photo,,78.08,0,30
167,10,Maria,Koc,https://api.sejm.gov.pl/sejm/term10/MP/167/photo,,87.17,47,410
168,10,Ewa,Kołodziej,https://api.sejm.gov.pl/sejm/term10/MP/168/photo,,99.18,4,198
169,10,Magdalena,Kołodziejczak,https://api.sejm.gov.pl/sejm/term10/MP/169/photo,,98.86,4,176
170,10,Michał,Kołodziejczak,https://api.sejm.gov.pl/sejm/term10/MP/170/photo,,93.64,15,88
171,10,Rafał,Komarewicz,https://api.sejm.gov.pl/sejm/term10/MP/171/photo,,95.69,8,159
172,10,Maciej,Konieczny,https://api.sejm.gov.pl/sejm/term10/MP/172/photo,,93.99,14,345
206,9,Anna,Kwiecień,https://api.sejm.gov.pl/sejm/term9/MP/90206/photo,,98.74,30,0
173,10,Zbigniew,Konwiński,https://api.sejm.gov.pl/sejm/term10/MP/173/photo,,99.38,3,68
174,10,Władysław,Kosiniak-Kamysz,https://api.sejm.gov.pl/sejm/term10/MP/174/photo,,80.72,22,141
175,10,Tomasz,Kostuś,https://api.sejm.gov.pl/sejm/term10/MP/175/photo,,99.27,3,340
176,10,Andrzej,Kosztowniak,https://api.sejm.gov.pl/sejm/term10/MP/176/photo,,93.96,23,146
177,10,Katarzyna,Kotula,https://api.sejm.gov.pl/sejm/term10/MP/177/photo,,96.22,21,98
178,10,Paweł,Kowal,https://api.sejm.gov.pl/sejm/term10/MP/178/photo,,97.42,6,64
207,9,Marek,Kwitek,https://api.sejm.gov.pl/sejm/term9/MP/90207/photo,,98.78,7,5
208,9,Maciej,Lasek,https://api.sejm.gov.pl/sejm/term9/MP/90208/photo,,98.33,131,0
179,10,Henryk,Kowalczyk,https://api.sejm.gov.pl/sejm/term10/MP/179/photo,,97.98,7,155
181,10,Bartosz,Kownacki,https://api.sejm.gov.pl/sejm/term10/MP/181/photo,,86.05,31,307
183,10,Stefan,Krajewski,https://api.sejm.gov.pl/sejm/term10/MP/183/photo,,95.37,18,264
184,10,Wiesław,Krajewski,https://api.sejm.gov.pl/sejm/term10/MP/184/photo,,92.73,24,27
185,10,Leonard,Krasulski,https://api.sejm.gov.pl/sejm/term10/MP/185/photo,,95.63,12,1
210,9,Gabriela,Lenartowicz,https://api.sejm.gov.pl/sejm/term9/MP/90210/photo,,97.57,110,0
187,10,Michał,Krawczyk,https://api.sejm.gov.pl/sejm/term10/MP/187/photo,,99.21,1,149
188,10,Robert,Kropiwnicki,https://api.sejm.gov.pl/sejm/term10/MP/188/photo,,98.8,6,108
189,10,Piotr,Król,https://api.sejm.gov.pl/sejm/term10/MP/189/photo,,98.15,29,158
190,10,Wojciech,Król,https://api.sejm.gov.pl/sejm/term10/MP/190/photo,,99.33,2,123
191,10,Anna,Krupka,https://api.sejm.gov.pl/sejm/term10/MP/191/photo,,95.78,21,48
211,9,Ewa,Leniart,https://api.sejm.gov.pl/sejm/term9/MP/90211/photo,,99.2,4,0
212,9,Tomasz,Lenz,https://api.sejm.gov.pl/sejm/term9/MP/90212/photo,,79.36,159,13
192,10,Andrzej,Kryj,https://api.sejm.gov.pl/sejm/term10/MP/192/photo,,91.09,20,120
193,10,Mariusz,Krystian,https://api.sejm.gov.pl/sejm/term10/MP/193/photo,,93.11,55,566
194,10,Marek,Krząkała,https://api.sejm.gov.pl/sejm/term10/MP/194/photo,,99.36,1,168
195,10,Adam,Krzemiński,https://api.sejm.gov.pl/sejm/term10/MP/195/photo,,99.21,3,154
196,10,Henryka,Krzywonos-Strycharska,https://api.sejm.gov.pl/sejm/term10/MP/196/photo,,89.75,6,185
197,10,Krzysztof,Kubów,https://api.sejm.gov.pl/sejm/term10/MP/197/photo,,98.45,22,187
198,10,Anita,Kucharska-Dziedzic,https://api.sejm.gov.pl/sejm/term10/MP/198/photo,,95.22,17,306
199,10,Marek,Kuchciński,https://api.sejm.gov.pl/sejm/term10/MP/199/photo,,87.69,23,7
201,10,Marcin,Kulasek,https://api.sejm.gov.pl/sejm/term10/MP/201/photo,,96.51,21,0
202,10,Maria,Kurowska,https://api.sejm.gov.pl/sejm/term10/MP/202/photo,,96.84,121,333
203,10,Władysław,Kurowski,https://api.sejm.gov.pl/sejm/term10/MP/203/photo,,93.88,45,254
205,10,Anna,Kwiecień,https://api.sejm.gov.pl/sejm/term10/MP/205/photo,,95.52,43,397
206,10,Piotr,Lachowicz,https://api.sejm.gov.pl/sejm/term10/MP/206/photo,,98.83,6,37
207,10,Stanisław,Lamczyk,https://api.sejm.gov.pl/sejm/term10/MP/207/photo,,96.95,11,96
208,10,Maciej,Lasek,https://api.sejm.gov.pl/sejm/term10/MP/208/photo,,93.61,2,93
209,10,Gabriela,Lenartowicz,https://api.sejm.gov.pl/sejm/term10/MP/209/photo,,97.83,6,283
210,10,Ewa,Leniart,https://api.sejm.gov.pl/sejm/term10/MP/210/photo,,92.59,29,257
213,9,Izabela,Leszczyna,https://api.sejm.gov.pl/sejm/term9/MP/90213/photo,,96.65,139,0
211,10,Aleksandra,Leo,https://api.sejm.gov.pl/sejm/term10/MP/211/photo,,96.34,15,79
212,10,Izabela,Leszczyna,https://api.sejm.gov.pl/sejm/term10/MP/212/photo,,95.61,16,141
213,10,Joanna,Lichocka,https://api.sejm.gov.pl/sejm/term10/MP/213/photo,,94.46,23,66
214,10,Krzysztof,Lipiec,https://api.sejm.gov.pl/sejm/term10/MP/214/photo,,93.79,24,78
215,10,Łukasz,Litewka,https://api.sejm.gov.pl/sejm/term10/MP/215/photo,,89.86,15,71
216,10,Grzegorz,Lorek,https://api.sejm.gov.pl/sejm/term10/MP/216/photo,,98.39,58,952
218,10,Katarzyna,Lubnauer,https://api.sejm.gov.pl/sejm/term10/MP/218/photo,,99.03,2,195
220,10,Artur,Łącki,https://api.sejm.gov.pl/sejm/term10/MP/220/photo,,96.69,8,527
221,10,Alicja,Łepkowska-Gołaś,https://api.sejm.gov.pl/sejm/term10/MP/221/photo,,96.63,4,176
222,10,Dorota,Łoboda,https://api.sejm.gov.pl/sejm/term10/MP/222/photo,,99,2,52
223,10,Krystian,Łuczak,https://api.sejm.gov.pl/sejm/term10/MP/223/photo,,99.36,4,98
224,10,Sebastian,Łukaszewicz,https://api.sejm.gov.pl/sejm/term10/MP/224/photo,,84.21,78,256
225,10,Marzena,Machałek,https://api.sejm.gov.pl/sejm/term10/MP/225/photo,,92.82,23,236
226,10,Antoni,Macierewicz,https://api.sejm.gov.pl/sejm/term10/MP/226/photo,,92.06,24,57
228,10,Ewa,Malik,https://api.sejm.gov.pl/sejm/term10/MP/228/photo,,70.41,14,51
229,10,Mirosław,Maliszewski,https://api.sejm.gov.pl/sejm/term10/MP/229/photo,,90.86,15,94
230,10,Maciej,Małecki,https://api.sejm.gov.pl/sejm/term10/MP/230/photo,,94.67,16,277
231,10,Arkadiusz,Marchewka,https://api.sejm.gov.pl/sejm/term10/MP/231/photo,,96.72,2,128
232,10,Jagna,Marczułajtis-Walczak,https://api.sejm.gov.pl/sejm/term10/MP/232/photo,,97.99,0,66
234,10,Dariusz,Matecki,https://api.sejm.gov.pl/sejm/term10/MP/234/photo,,75.1,145,2314
235,10,Jerzy,Materna,https://api.sejm.gov.pl/sejm/term10/MP/235/photo,,96.4,66,28
214,9,Joanna,Lichocka,https://api.sejm.gov.pl/sejm/term9/MP/90214/photo,,99.8,17,0
215,9,Krzysztof,Lipiec,https://api.sejm.gov.pl/sejm/term9/MP/90215/photo,,99.7,15,0
236,10,Grzegorz,Matusiak,https://api.sejm.gov.pl/sejm/term10/MP/236/photo,,90.07,31,143
237,10,Katarzyna,Matusik-Lipiec,https://api.sejm.gov.pl/sejm/term10/MP/237/photo,,98.3,3,177
238,10,Marek,Matuszewski,https://api.sejm.gov.pl/sejm/term10/MP/238/photo,,97.74,25,231
239,10,Paulina,Matysiak,https://api.sejm.gov.pl/sejm/term10/MP/239/photo,,97.04,0,1002
240,10,Łukasz,Mejza,https://api.sejm.gov.pl/sejm/term10/MP/240/photo,,76.09,53,30
241,10,Sławomir,Mentzen,https://api.sejm.gov.pl/sejm/term10/MP/241/photo,,62.32,80,108
242,10,Anna,Milczanowska,https://api.sejm.gov.pl/sejm/term10/MP/242/photo,,91.94,38,89
243,10,Daniel,Milewski,https://api.sejm.gov.pl/sejm/term10/MP/243/photo,,84.5,38,766
245,10,Aleksander,Miszalski,https://api.sejm.gov.pl/sejm/term10/MP/245/photo,,98.49,0,146
246,10,Mateusz,Morawiecki,https://api.sejm.gov.pl/sejm/term10/MP/246/photo,,71.55,25,67
249,10,Czesław,Mroczek,https://api.sejm.gov.pl/sejm/term10/MP/249/photo,,98.48,12,119
219,9,Radosław,Lubczyk,https://api.sejm.gov.pl/sejm/term9/MP/90219/photo,,90.9,118,0
250,10,Aleksander,Mrówczyński,https://api.sejm.gov.pl/sejm/term10/MP/250/photo,,65.66,16,98
251,10,Izabela,Mrzygłocka,https://api.sejm.gov.pl/sejm/term10/MP/251/photo,,68.61,0,36
252,10,Joanna,Mucha,https://api.sejm.gov.pl/sejm/term10/MP/252/photo,,93.52,15,213
253,10,Arkadiusz,Mularczyk,https://api.sejm.gov.pl/sejm/term10/MP/253/photo,,89.49,4,49
254,10,Krzysztof,Mulawa,https://api.sejm.gov.pl/sejm/term10/MP/254/photo,,94.52,90,364
255,10,Piotr,Müller,https://api.sejm.gov.pl/sejm/term10/MP/255/photo,,95.53,7,51
220,9,Katarzyna,Lubnauer,https://api.sejm.gov.pl/sejm/term9/MP/90220/photo,,98.15,106,0
221,9,Tomasz,Ławniczak,https://api.sejm.gov.pl/sejm/term9/MP/90221/photo,,99.22,14,38
256,10,Arkadiusz,Myrcha,https://api.sejm.gov.pl/sejm/term10/MP/256/photo,,98.39,10,149
257,10,Grzegorz,Napieralski,https://api.sejm.gov.pl/sejm/term10/MP/257/photo,,97.45,3,55
258,10,Dorota,Niedziela,https://api.sejm.gov.pl/sejm/term10/MP/258/photo,,96.72,7,93
260,10,Małgorzata,Niemczyk,https://api.sejm.gov.pl/sejm/term10/MP/260/photo,,99.06,6,351
264,10,Maja,Nowak,https://api.sejm.gov.pl/sejm/term10/MP/264/photo,,96.81,22,255
223,9,Jan,Łopata,https://api.sejm.gov.pl/sejm/term9/MP/90223/photo,,98.3,112,55
265,10,Tomasz,Nowak,https://api.sejm.gov.pl/sejm/term10/MP/265/photo,,97.45,5,206
266,10,Wanda,Nowicka,https://api.sejm.gov.pl/sejm/term10/MP/266/photo,,90.62,21,350
267,10,Urszula,Nowogórska,https://api.sejm.gov.pl/sejm/term10/MP/267/photo,,98.07,31,237
269,10,Marcin,Ociepa,https://api.sejm.gov.pl/sejm/term10/MP/269/photo,,93.61,69,187
270,10,Marzena,Okła-Drewnowicz,https://api.sejm.gov.pl/sejm/term10/MP/270/photo,,98.92,11,99
224,9,Magdalena,Łośko,https://api.sejm.gov.pl/sejm/term9/MP/90224/photo,,97.04,69,0
225,9,Marzena,Machałek,https://api.sejm.gov.pl/sejm/term9/MP/90225/photo,,99.73,13,0
226,9,Beata,Maciejewska,https://api.sejm.gov.pl/sejm/term9/MP/90226/photo,,93.15,0,89
272,10,Barbara,Oliwiecka,https://api.sejm.gov.pl/sejm/term10/MP/272/photo,,96.31,13,144
273,10,Dorota,Olko,https://api.sejm.gov.pl/sejm/term10/MP/273/photo,,92.21,80,245
274,10,Paweł,Olszewski,https://api.sejm.gov.pl/sejm/term10/MP/274/photo,,96.6,9,82
276,10,Łukasz,Osmalak,https://api.sejm.gov.pl/sejm/term10/MP/276/photo,,99.38,6,292
277,10,Katarzyna,Osos,https://api.sejm.gov.pl/sejm/term10/MP/277/photo,,95.78,11,372
278,10,Jacek,Osuch,https://api.sejm.gov.pl/sejm/term10/MP/278/photo,,83.24,17,30
279,10,Jacek,Ozdoba,https://api.sejm.gov.pl/sejm/term10/MP/279/photo,,91.72,15,136
275,10,Mirosław,Orliński,https://api.sejm.gov.pl/sejm/term10/MP/275/photo,,99.03,16,138
280,10,Teresa,Pamuła,https://api.sejm.gov.pl/sejm/term10/MP/280/photo,,93.23,41,217
281,10,Paweł,Papke,https://api.sejm.gov.pl/sejm/term10/MP/281/photo,,98.36,3,131
282,10,Urszula,Pasławska,https://api.sejm.gov.pl/sejm/term10/MP/282/photo,,85.38,37,192
283,10,Krzysztof,Paszyk,https://api.sejm.gov.pl/sejm/term10/MP/283/photo,,91.56,43,402
285,10,Bartłomiej,Pejo,https://api.sejm.gov.pl/sejm/term10/MP/285/photo,,95.58,157,161
286,10,Ryszard,Petru,https://api.sejm.gov.pl/sejm/term10/MP/286/photo,,80.6,22,55
288,10,Bolesław,Piecha,https://api.sejm.gov.pl/sejm/term10/MP/288/photo,,77.88,40,31
289,10,Grzegorz,Piechowiak,https://api.sejm.gov.pl/sejm/term10/MP/289/photo,,86.9,64,76
291,10,Katarzyna,Piekarska,https://api.sejm.gov.pl/sejm/term10/MP/291/photo,,85.82,8,62
292,10,Norbert,Pietrykowski,https://api.sejm.gov.pl/sejm/term10/MP/292/photo,,85.61,26,203
293,10,Lucjan,Pietrzczyk,https://api.sejm.gov.pl/sejm/term10/MP/293/photo,,99.27,6,53
294,10,Dariusz,Piontkowski,https://api.sejm.gov.pl/sejm/term10/MP/294/photo,,94.17,27,147
295,10,Kazimierz,Plocke,https://api.sejm.gov.pl/sejm/term10/MP/295/photo,,98.89,9,108
296,10,Grzegorz,Płaczek,https://api.sejm.gov.pl/sejm/term10/MP/296/photo,,93.99,142,363
227,9,Antoni,Macierewicz,https://api.sejm.gov.pl/sejm/term9/MP/90227/photo,,98.71,11,0
251,9,Kazimierz,Moskal,https://api.sejm.gov.pl/sejm/term9/MP/90251/photo,,99.84,29,25
297,10,Kacper,Płażyński,https://api.sejm.gov.pl/sejm/term10/MP/297/photo,,82.68,32,73
298,10,Szymon,Pogoda,https://api.sejm.gov.pl/sejm/term10/MP/298/photo,,97.63,38,141
299,10,Jerzy,Polaczek,https://api.sejm.gov.pl/sejm/term10/MP/299/photo,,96.1,27,317
302,10,Agnieszka,Pomaska,https://api.sejm.gov.pl/sejm/term10/MP/302/photo,,95.22,9,97
303,10,Marcin,Porzucek,https://api.sejm.gov.pl/sejm/term10/MP/303/photo,,96.31,38,579
304,10,Jacek,Protas,https://api.sejm.gov.pl/sejm/term10/MP/304/photo,,99.11,0,49
305,10,Marcin,Przydacz,https://api.sejm.gov.pl/sejm/term10/MP/305/photo,,94.97,19,94
301,10,Piotr,Polak,https://api.sejm.gov.pl/sejm/term10/MP/301/photo,,98.51,37,56
306,10,Grzegorz,Puda,https://api.sejm.gov.pl/sejm/term10/MP/306/photo,,94.46,19,233
307,10,Michał,Pyrzyk,https://api.sejm.gov.pl/sejm/term10/MP/307/photo,,97.45,11,229
308,10,Renata,Rak,https://api.sejm.gov.pl/sejm/term10/MP/308/photo,,99.12,4,204
309,10,Ireneusz,Raś,https://api.sejm.gov.pl/sejm/term10/MP/309/photo,,87.55,34,99
310,10,Zbigniew,Rau,https://api.sejm.gov.pl/sejm/term10/MP/310/photo,,77,21,8
311,10,Marcin,Romanowski,https://api.sejm.gov.pl/sejm/term10/MP/311/photo,,19.6,45,346
312,10,Bartosz,Romowicz,https://api.sejm.gov.pl/sejm/term10/MP/312/photo,,95.14,64,378
313,10,Monika,Rosa,https://api.sejm.gov.pl/sejm/term10/MP/313/photo,,99.06,5,297
314,10,Wiesław,Różyński,https://api.sejm.gov.pl/sejm/term10/MP/314/photo,,95.61,41,170
315,10,Urszula,Rusecka,https://api.sejm.gov.pl/sejm/term10/MP/315/photo,,94.32,15,239
317,10,Jakub,Rutnicki,https://api.sejm.gov.pl/sejm/term10/MP/317/photo,,94.96,17,201
318,10,Paweł,Rychlik,https://api.sejm.gov.pl/sejm/term10/MP/318/photo,,92.91,48,317
319,10,Marek,Rząsa,https://api.sejm.gov.pl/sejm/term10/MP/319/photo,,99.24,17,108
320,10,Jarosław,Rzepa,https://api.sejm.gov.pl/sejm/term10/MP/320/photo,,95.31,30,337
321,10,Jarosław,Sachajko,https://api.sejm.gov.pl/sejm/term10/MP/321/photo,,93.32,50,2280
322,10,Paweł,Sałek,https://api.sejm.gov.pl/sejm/term10/MP/322/photo,,97.63,44,244
448,9,Urszula,Zielińska,https://api.sejm.gov.pl/sejm/term9/MP/90448/photo,,99.13,186,0
324,10,Tadeusz,Samborski,https://api.sejm.gov.pl/sejm/term10/MP/324/photo,,95.75,25,72
325,10,Jacek,Sasin,https://api.sejm.gov.pl/sejm/term10/MP/325/photo,,92.09,17,119
326,10,Marek,Sawicki,https://api.sejm.gov.pl/sejm/term10/MP/326/photo,,97.69,60,80
323,10,Wojciech,Saługa,https://api.sejm.gov.pl/sejm/term10/MP/323/photo,,94.09,0,72
329,10,Anna,Schmidt,https://api.sejm.gov.pl/sejm/term10/MP/329/photo,,79.93,19,81
330,10,Łukasz,Schreiber,https://api.sejm.gov.pl/sejm/term10/MP/330/photo,,94.99,45,308
331,10,Jarosław,Sellin,https://api.sejm.gov.pl/sejm/term10/MP/331/photo,,97.51,15,42
332,10,Olga,Semeniuk-Patkowska,https://api.sejm.gov.pl/sejm/term10/MP/332/photo,,96.51,44,322
333,10,Edward,Siarka,https://api.sejm.gov.pl/sejm/term10/MP/333/photo,,90.71,67,208
334,10,Krystyna,Sibińska,https://api.sejm.gov.pl/sejm/term10/MP/334/photo,,93.5,6,243
335,10,Czesław,Siekierski,https://api.sejm.gov.pl/sejm/term10/MP/335/photo,,76.44,16,199
336,10,Rafał,Siemaszko,https://api.sejm.gov.pl/sejm/term10/MP/336/photo,,99.12,12,181
337,10,Tomasz,Siemoniak,https://api.sejm.gov.pl/sejm/term10/MP/337/photo,,97.13,11,22
338,10,Bartłomiej,Sienkiewicz,https://api.sejm.gov.pl/sejm/term10/MP/338/photo,,82.77,1,43
339,10,Arkadiusz,Sikora,https://api.sejm.gov.pl/sejm/term10/MP/339/photo,,95.28,22,122
340,10,Włodzimierz,Skalik,https://api.sejm.gov.pl/sejm/term10/MP/340/photo,,96.43,65,227
341,10,Marcin,Skonieczka,https://api.sejm.gov.pl/sejm/term10/MP/341/photo,,99.12,9,320
342,10,Krystyna,Skowrońska,https://api.sejm.gov.pl/sejm/term10/MP/342/photo,,99.18,7,799
345,10,Weronika,Smarduch,https://api.sejm.gov.pl/sejm/term10/MP/345/photo,,98.01,8,57
346,10,Kazimierz,Smoliński,https://api.sejm.gov.pl/sejm/term10/MP/346/photo,,97.69,23,148
348,10,Krzysztof,Sobolewski,https://api.sejm.gov.pl/sejm/term10/MP/348/photo,,94.84,24,69
350,10,Agnieszka,Soin,https://api.sejm.gov.pl/sejm/term10/MP/350/photo,,87.28,10,194
351,10,Zbigniew,Sosnowski,https://api.sejm.gov.pl/sejm/term10/MP/351/photo,,98.33,20,46
352,10,Marek,Sowa,https://api.sejm.gov.pl/sejm/term10/MP/352/photo,,98.83,4,220
353,10,Katarzyna,Sójka,https://api.sejm.gov.pl/sejm/term10/MP/353/photo,,84.53,52,185
355,10,Mirosława,Stachowiak-Różecka,https://api.sejm.gov.pl/sejm/term10/MP/355/photo,,97.3,19,68
356,10,Dariusz,Stefaniuk,https://api.sejm.gov.pl/sejm/term10/MP/356/photo,,92.97,58,502
357,10,Franciszek,Sterczewski,https://api.sejm.gov.pl/sejm/term10/MP/357/photo,,85.94,71,435
358,10,Piotr,Strach,https://api.sejm.gov.pl/sejm/term10/MP/358/photo,,88.28,21,236
359,10,Mirosław,Suchoń,https://api.sejm.gov.pl/sejm/term10/MP/359/photo,,94.52,14,1298
360,10,Marek,Suski,https://api.sejm.gov.pl/sejm/term10/MP/360/photo,,91.56,30,204
361,10,Paweł,Suski,https://api.sejm.gov.pl/sejm/term10/MP/361/photo,,98.89,6,30
362,10,Artur,Szałabawka,https://api.sejm.gov.pl/sejm/term10/MP/362/photo,,91.39,36,296
364,10,Wiesław,Szczepański,https://api.sejm.gov.pl/sejm/term10/MP/364/photo,,97.89,23,168
366,10,Krzysztof,Szczucki,https://api.sejm.gov.pl/sejm/term10/MP/366/photo,,83.97,26,168
367,10,Józefa,Szczurek-Żelazko,https://api.sejm.gov.pl/sejm/term10/MP/367/photo,,92.47,37,483
368,10,Paweł,Szefernaker,https://api.sejm.gov.pl/sejm/term10/MP/368/photo,,91.96,6,111
369,10,Andrzej,Szejna,https://api.sejm.gov.pl/sejm/term10/MP/369/photo,,88.78,20,131
370,10,Andrzej,Szewiński,https://api.sejm.gov.pl/sejm/term10/MP/370/photo,,98.92,4,119
371,10,Adam,Szłapka,https://api.sejm.gov.pl/sejm/term10/MP/371/photo,,82.63,12,127
228,9,Wojciech,Maksymowicz,https://api.sejm.gov.pl/sejm/term9/MP/90228/photo,,89.49,0,42
229,9,Marlena,Maląg,https://api.sejm.gov.pl/sejm/term9/MP/90229/photo,,99.19,25,0
230,9,Ewa,Malik,https://api.sejm.gov.pl/sejm/term9/MP/90230/photo,,96.53,34,0
372,10,Henryk,Szopiński,https://api.sejm.gov.pl/sejm/term10/MP/372/photo,,99.12,5,346
373,10,Paweł,Szrot,https://api.sejm.gov.pl/sejm/term10/MP/373/photo,,97.25,48,147
374,10,Krystyna,Szumilas,https://api.sejm.gov.pl/sejm/term10/MP/374/photo,,97.28,6,103
375,10,Stanisław,Szwed,https://api.sejm.gov.pl/sejm/term10/MP/375/photo,,83.42,15,196
376,10,Ewa,Szymanowska,https://api.sejm.gov.pl/sejm/term10/MP/376/photo,,98.48,10,346
232,9,Jerzy,Małecki,https://api.sejm.gov.pl/sejm/term9/MP/90232/photo,,98.54,131,52
377,10,Tomasz,Szymański,https://api.sejm.gov.pl/sejm/term10/MP/377/photo,,97.3,7,73
379,10,Łukasz,Ściebiorowski,https://api.sejm.gov.pl/sejm/term10/MP/379/photo,,98.8,5,246
380,10,Agnieszka,Ścigaj,https://api.sejm.gov.pl/sejm/term10/MP/380/photo,,87.11,36,245
381,10,Andrzej,Śliwka,https://api.sejm.gov.pl/sejm/term10/MP/381/photo,,95.99,41,575
382,10,Paweł,Śliz,https://api.sejm.gov.pl/sejm/term10/MP/382/photo,,94.11,4,91
383,10,Krzysztof,Śmiszek,https://api.sejm.gov.pl/sejm/term10/MP/383/photo,,94.41,1,6
234,9,Arkadiusz,Marchewka,https://api.sejm.gov.pl/sejm/term9/MP/90234/photo,,98.1,62,0
237,9,Jerzy,Materna,https://api.sejm.gov.pl/sejm/term9/MP/90237/photo,,99.32,25,0
384,10,Jacek,Świat,https://api.sejm.gov.pl/sejm/term10/MP/384/photo,,97.48,19,42
385,10,Apoloniusz,Tajner,https://api.sejm.gov.pl/sejm/term10/MP/385/photo,,97.42,5,12
386,10,Krzysztof,Tchórzewski,https://api.sejm.gov.pl/sejm/term10/MP/386/photo,,95.78,19,155
387,10,Robert,Telus,https://api.sejm.gov.pl/sejm/term10/MP/387/photo,,87.84,32,116
389,10,Tadeusz,Tomaszewski,https://api.sejm.gov.pl/sejm/term10/MP/389/photo,,96.22,13,1302
238,9,Beata,Mateusiak-Pielucha,https://api.sejm.gov.pl/sejm/term9/MP/90238/photo,,92.21,33,3
239,9,Grzegorz,Matusiak,https://api.sejm.gov.pl/sejm/term9/MP/90239/photo,,99.86,18,0
240,9,Marek,Matuszewski,https://api.sejm.gov.pl/sejm/term9/MP/90240/photo,,99.61,8,0
241,9,Kazimierz,Matuszny,https://api.sejm.gov.pl/sejm/term9/MP/90241/photo,,98.54,130,3
242,9,Paulina,Matysiak,https://api.sejm.gov.pl/sejm/term9/MP/90242/photo,,99.34,279,0
390,10,Jacek,Tomczak,https://api.sejm.gov.pl/sejm/term10/MP/390/photo,,85.23,57,178
391,10,Wioleta,Tomczak,https://api.sejm.gov.pl/sejm/term10/MP/391/photo,,99.21,6,293
392,10,Cezary,Tomczyk,https://api.sejm.gov.pl/sejm/term10/MP/392/photo,,96.48,11,133
394,10,Małgorzata,Tracz,https://api.sejm.gov.pl/sejm/term10/MP/394/photo,,99.21,59,305
160,9,Dariusz,Klimczak,https://api.sejm.gov.pl/sejm/term9/MP/90160/photo,,98.95,141,0
243,9,Iwona,Michałek,https://api.sejm.gov.pl/sejm/term9/MP/90243/photo,,97.62,3074,34
395,10,Tomasz,Trela,https://api.sejm.gov.pl/sejm/term10/MP/395/photo,,98.21,16,157
396,10,Krzysztof,Truskolaski,https://api.sejm.gov.pl/sejm/term10/MP/396/photo,,94.87,1,95
397,10,Krzysztof,Tuduj,https://api.sejm.gov.pl/sejm/term10/MP/397/photo,,80.98,87,193
398,10,Sylwester,Tułajew,https://api.sejm.gov.pl/sejm/term10/MP/398/photo,,98.89,28,201
399,10,Witold,Tumanowicz,https://api.sejm.gov.pl/sejm/term10/MP/399/photo,,95.93,144,1334
400,10,Donald,Tusk,https://api.sejm.gov.pl/sejm/term10/MP/400/photo,,40.99,3,22
401,10,Stanisław,Tyszka,https://api.sejm.gov.pl/sejm/term10/MP/401/photo,,79.64,10,14
403,10,Jarosław,Urbaniak,https://api.sejm.gov.pl/sejm/term10/MP/403/photo,,90.16,12,174
404,10,Piotr,Uruski,https://api.sejm.gov.pl/sejm/term10/MP/404/photo,,82.92,84,378
405,10,Piotr,Uściński,https://api.sejm.gov.pl/sejm/term10/MP/405/photo,,92.35,51,119
406,10,Jarosław,Wałęsa,https://api.sejm.gov.pl/sejm/term10/MP/406/photo,,97.57,8,695
407,10,Marcin,Warchoł,https://api.sejm.gov.pl/sejm/term10/MP/407/photo,,89.19,53,256
408,10,Robert,Wardzała,https://api.sejm.gov.pl/sejm/term10/MP/408/photo,,87.49,4,34
409,10,Robert,Warwas,https://api.sejm.gov.pl/sejm/term10/MP/409/photo,,98.27,17,154
410,10,Jan,Warzecha,https://api.sejm.gov.pl/sejm/term10/MP/410/photo,,95.02,51,252
411,10,Małgorzata,Wassermann,https://api.sejm.gov.pl/sejm/term10/MP/411/photo,,93.5,20,154
412,10,Michał,Wawer,https://api.sejm.gov.pl/sejm/term10/MP/412/photo,,97.86,75,265
414,10,Marta,Wcisło,https://api.sejm.gov.pl/sejm/term10/MP/414/photo,,97.09,4,315
415,10,Rafał,Weber,https://api.sejm.gov.pl/sejm/term10/MP/415/photo,,95.17,17,394
416,10,Marek,Wesoły,https://api.sejm.gov.pl/sejm/term10/MP/416/photo,,91.53,55,103
417,10,Joanna,Wicha,https://api.sejm.gov.pl/sejm/term10/MP/417/photo,,94.87,120,389
418,10,Patryk,Wicher,https://api.sejm.gov.pl/sejm/term10/MP/418/photo,,94.08,46,433
419,10,Dariusz,Wieczorek,https://api.sejm.gov.pl/sejm/term10/MP/419/photo,,98.42,17,332
244,9,Krzysztof,Mieszkowski,https://api.sejm.gov.pl/sejm/term9/MP/90244/photo,,98.44,140,0
246,9,Daniel,Milewski,https://api.sejm.gov.pl/sejm/term9/MP/90246/photo,,97.19,29,0
247,9,Rajmund,Miller,https://api.sejm.gov.pl/sejm/term9/MP/90247/photo,,93.72,96,0
422,10,Ryszard,Wilk,https://api.sejm.gov.pl/sejm/term10/MP/422/photo,,67.24,109,170
423,10,Teresa,Wilk,https://api.sejm.gov.pl/sejm/term10/MP/423/photo,,86.35,20,36
424,10,Przemysław,Wipler,https://api.sejm.gov.pl/sejm/term10/MP/424/photo,,76.74,125,517
425,10,Aleksandra,Uznańska-Wiśniewska,https://api.sejm.gov.pl/sejm/term10/MP/425/photo,,96.04,16,46
428,10,Elżbieta,Witek,https://api.sejm.gov.pl/sejm/term10/MP/428/photo,,95.52,14,34
199,9,Paweł,Kukiz,https://api.sejm.gov.pl/sejm/term9/MP/90199/photo,,81.67,247,0
248,9,Aleksander,Miszalski,https://api.sejm.gov.pl/sejm/term9/MP/90248/photo,,97.84,82,0
250,9,Jan,Mosiński,https://api.sejm.gov.pl/sejm/term9/MP/90250/photo,,99.65,9,0
429,10,Przemysław,Witek,https://api.sejm.gov.pl/sejm/term10/MP/429/photo,,91,13,78
431,10,Anna,Wojciechowska,https://api.sejm.gov.pl/sejm/term10/MP/431/photo,,97.19,6,492
432,10,Agnieszka,Wojciechowska van Heukelom,https://api.sejm.gov.pl/sejm/term10/MP/432/photo,,91.71,24,102
433,10,Agata,Wojtyszek,https://api.sejm.gov.pl/sejm/term10/MP/433/photo,,96.48,36,173
263,9,Dorota,Niedziela,https://api.sejm.gov.pl/sejm/term9/MP/90263/photo,,94.58,137,0
434,10,Bogusław,Wołoszański,https://api.sejm.gov.pl/sejm/term10/MP/434/photo,,58.69,11,55
435,10,Michał,Woś,https://api.sejm.gov.pl/sejm/term10/MP/435/photo,,89.57,64,1403
436,10,Grzegorz,Woźniak,https://api.sejm.gov.pl/sejm/term10/MP/436/photo,,84.06,13,64
437,10,Tadeusz,Woźniak,https://api.sejm.gov.pl/sejm/term10/MP/437/photo,,98.39,62,438
438,10,Michał,Wójcik,https://api.sejm.gov.pl/sejm/term10/MP/438/photo,,97.6,39,137
252,9,Czesław,Mroczek,https://api.sejm.gov.pl/sejm/term9/MP/90252/photo,,98.26,82,0
439,10,Maciej,Wróbel,https://api.sejm.gov.pl/sejm/term10/MP/439/photo,,99.27,4,82
440,10,Bartłomiej,Wróblewski,https://api.sejm.gov.pl/sejm/term10/MP/440/photo,,78.73,92,89
441,10,Paweł,Zalewski,https://api.sejm.gov.pl/sejm/term10/MP/441/photo,,75.1,18,135
442,10,Adrian,Zandberg,https://api.sejm.gov.pl/sejm/term10/MP/442/photo,,92.65,15,328
443,10,Andrzej,Zapałowski,https://api.sejm.gov.pl/sejm/term10/MP/443/photo,,93.35,191,223
253,9,Aleksander,Mrówczyński,https://api.sejm.gov.pl/sejm/term9/MP/90253/photo,,94.85,21,0
444,10,Bartosz,Zawieja,https://api.sejm.gov.pl/sejm/term10/MP/444/photo,,99,7,267
446,10,Sławomir,Zawiślak,https://api.sejm.gov.pl/sejm/term10/MP/446/photo,,90.95,845,49
447,10,Bogdan,Zdrojewski,https://api.sejm.gov.pl/sejm/term10/MP/447/photo,,99.78,0,6
448,10,Witold,Zembaczyński,https://api.sejm.gov.pl/sejm/term10/MP/448/photo,,98.97,9,139
449,10,Piotr,Zgorzelski,https://api.sejm.gov.pl/sejm/term10/MP/449/photo,,96.66,28,19
267,9,Tomasz,Nowak,https://api.sejm.gov.pl/sejm/term9/MP/90267/photo,,97.99,108,0
450,10,Zbigniew,Ziejewski,https://api.sejm.gov.pl/sejm/term10/MP/450/photo,,79.64,14,123
451,10,Urszula,Zielińska,https://api.sejm.gov.pl/sejm/term10/MP/451/photo,,92.76,23,187
452,10,Jarosław,Zieliński,https://api.sejm.gov.pl/sejm/term10/MP/452/photo,,98.77,17,196
453,10,Tomasz,Zieliński,https://api.sejm.gov.pl/sejm/term10/MP/453/photo,,93.38,26,133
454,10,Jolanta,Zięba-Gzik,https://api.sejm.gov.pl/sejm/term10/MP/454/photo,,97.36,8,95
455,10,Tomasz,Zimoch,https://api.sejm.gov.pl/sejm/term10/MP/455/photo,,98.01,0,352
457,10,Wojciech,Zubowski,https://api.sejm.gov.pl/sejm/term10/MP/457/photo,,93.96,32,324
458,10,Ireneusz,Zyska,https://api.sejm.gov.pl/sejm/term10/MP/458/photo,,97.57,55,132
459,10,Bożena,Żelazowska,https://api.sejm.gov.pl/sejm/term10/MP/459/photo,,97.3,25,173
460,10,Anna,Żukowska,https://api.sejm.gov.pl/sejm/term10/MP/460/photo,,96.54,18,87
461,10,Anna,Baluch,https://api.sejm.gov.pl/sejm/term10/MP/461/photo,,96.91,17,257
254,9,Izabela,Mrzygłocka,https://api.sejm.gov.pl/sejm/term9/MP/90254/photo,,89.14,92,0
456,10,Zbigniew,Ziobro,https://api.sejm.gov.pl/sejm/term10/MP/456/photo,,15.53,16,23
463,10,Monika,Pawłowska,https://api.sejm.gov.pl/sejm/term10/MP/463/photo,,60.95,26,235
464,10,Alicja,Łuczak,https://api.sejm.gov.pl/sejm/term10/MP/464/photo,,98.83,6,191
465,10,Dominik,Jaśkowiec,https://api.sejm.gov.pl/sejm/term10/MP/465/photo,,99.12,3,218
467,10,Katarzyna,Stachowicz,https://api.sejm.gov.pl/sejm/term10/MP/467/photo,,97.47,3,87
468,10,Lidia,Czechak,https://api.sejm.gov.pl/sejm/term10/MP/468/photo,,96.11,24,804
472,10,Piotr,Kowal,https://api.sejm.gov.pl/sejm/term10/MP/472/photo,,98.06,7,78
473,10,Michał,Kowalski,https://api.sejm.gov.pl/sejm/term10/MP/473/photo,,90.62,71,246
470,10,Bożenna,Hołownia,https://api.sejm.gov.pl/sejm/term10/MP/470/photo,,81.71,22,175
475,10,Katarzyna,Królak,https://api.sejm.gov.pl/sejm/term10/MP/475/photo,,98.6,4,64
477,10,Grzegorz,Macko,https://api.sejm.gov.pl/sejm/term10/MP/477/photo,,94.95,19,89
478,10,Jerzy,Meysztowicz,https://api.sejm.gov.pl/sejm/term10/MP/478/photo,,97.13,11,153
479,10,Krzysztof,Mieszkowski,https://api.sejm.gov.pl/sejm/term10/MP/479/photo,,99.04,23,95
481,10,Krzysztof,Piątkowski,https://api.sejm.gov.pl/sejm/term10/MP/481/photo,,95.87,3,800
482,10,Mariusz,Popielarz,https://api.sejm.gov.pl/sejm/term10/MP/482/photo,,99.01,3,24
483,10,Magdalena,Roguska,https://api.sejm.gov.pl/sejm/term10/MP/483/photo,,97.85,2,15
484,10,Marta,Stożek,https://api.sejm.gov.pl/sejm/term10/MP/484/photo,,97.03,21,377
485,10,Krzysztof,Szymański,https://api.sejm.gov.pl/sejm/term10/MP/485/photo,,97.13,73,269
486,10,Włodzimierz,Tomaszewski,https://api.sejm.gov.pl/sejm/term10/MP/486/photo,,98.29,9,171
255,9,Joanna,Mucha,https://api.sejm.gov.pl/sejm/term9/MP/90255/photo,,90.43,506,0
256,9,Arkadiusz,Mularczyk,https://api.sejm.gov.pl/sejm/term9/MP/90256/photo,,98.63,23,0
107,10,Robert,Gontarz,https://api.sejm.gov.pl/sejm/term10/MP/107/photo,,96.72,19,60
488,10,Jarosław,Krajewski,https://api.sejm.gov.pl/sejm/term10/MP/488/photo,,98.46,17,455
490,10,Michał,Połuboczek,https://api.sejm.gov.pl/sejm/term10/MP/490/photo,,90.72,205,153
491,10,Aleksandra,Kot,https://api.sejm.gov.pl/sejm/term10/MP/491/photo,,98.7,5,92
492,10,Rafał,Romanowski,https://api.sejm.gov.pl/sejm/term10/MP/492/photo,,79.67,29,98
494,10,Robert,Jagła,https://api.sejm.gov.pl/sejm/term10/MP/494/photo,,97.85,3,43
495,10,Michał,Jach,https://api.sejm.gov.pl/sejm/term10/MP/495/photo,,93.2,22,28
496,10,Bogumiła,Olbryś,https://api.sejm.gov.pl/sejm/term10/MP/496/photo,,97.61,9,60
497,10,Tomasz,Rzymkowski,https://api.sejm.gov.pl/sejm/term10/MP/497/photo,,91.82,0,63
498,10,Marek,Subocz,https://api.sejm.gov.pl/sejm/term10/MP/498/photo,,98.16,7,53
257,9,Piotr,Müller,https://api.sejm.gov.pl/sejm/term9/MP/90257/photo,,96.97,15,0
193,9,Marek,Krząkała,https://api.sejm.gov.pl/sejm/term9/MP/90193/photo,,92.31,81,0
258,9,Killion,Munyama,https://api.sejm.gov.pl/sejm/term9/MP/90258/photo,,98.36,67,4
259,9,Wojciech,Murdzek,https://api.sejm.gov.pl/sejm/term9/MP/90259/photo,,99.73,17,16
209,9,Tomasz,Latos,https://api.sejm.gov.pl/sejm/term9/MP/90209/photo,,99.56,23,80
152,10,Mariusz,Kamiński,https://api.sejm.gov.pl/sejm/term10/MP/152/photo,,80.95,5,16
260,9,Arkadiusz,Myrcha,https://api.sejm.gov.pl/sejm/term9/MP/90260/photo,,96.19,90,0
261,9,Grzegorz,Napieralski,https://api.sejm.gov.pl/sejm/term9/MP/90261/photo,,93.65,97,0
262,9,Sławomir,Neumann,https://api.sejm.gov.pl/sejm/term9/MP/90262/photo,,97.51,118,23
264,9,Małgorzata,Niemczyk,https://api.sejm.gov.pl/sejm/term9/MP/90264/photo,,98.3,102,0
265,9,Sławomir,Nitras,https://api.sejm.gov.pl/sejm/term9/MP/90265/photo,,91.16,152,0
266,9,Barbara,Nowacka,https://api.sejm.gov.pl/sejm/term9/MP/90266/photo,,97.69,108,0
268,9,Danuta,Nowicka,https://api.sejm.gov.pl/sejm/term9/MP/90268/photo,,99.73,10,13
269,9,Wanda,Nowicka,https://api.sejm.gov.pl/sejm/term9/MP/90269/photo,,97.37,150,0
270,9,Urszula,Nowogórska,https://api.sejm.gov.pl/sejm/term9/MP/90270/photo,,96.37,63,0
271,9,Mirosława,Nykiel,https://api.sejm.gov.pl/sejm/term9/MP/90271/photo,,99.17,104,0
272,9,Robert,Obaz,https://api.sejm.gov.pl/sejm/term9/MP/90272/photo,,95.03,158,179
273,9,Marcin,Ociepa,https://api.sejm.gov.pl/sejm/term9/MP/90273/photo,,97.76,29,0
274,9,Marzena,Okła-Drewnowicz,https://api.sejm.gov.pl/sejm/term9/MP/90274/photo,,97.21,76,0
275,9,Tomasz,Olichwer,https://api.sejm.gov.pl/sejm/term9/MP/90275/photo,,98.95,71,126
276,9,Dariusz,Olszewski,https://api.sejm.gov.pl/sejm/term9/MP/90276/photo,,99.72,146,55
216,9,Adam,Lipiński,https://api.sejm.gov.pl/sejm/term9/MP/90216/photo,,67.71,8,0
217,9,Paweł,Lisiecki,https://api.sejm.gov.pl/sejm/term9/MP/90217/photo,,98.4,14,30
218,9,Grzegorz,Lorek,https://api.sejm.gov.pl/sejm/term9/MP/90218/photo,,99.72,33,0
277,9,Paweł,Olszewski,https://api.sejm.gov.pl/sejm/term9/MP/90277/photo,,93.9,145,0
278,9,Marek,Opioła,https://api.sejm.gov.pl/sejm/term9/MP/90278/photo,,100,0,0
279,9,Katarzyna,Osos,https://api.sejm.gov.pl/sejm/term9/MP/90279/photo,,96.02,106,0
280,9,Jacek,Osuch,https://api.sejm.gov.pl/sejm/term9/MP/90280/photo,,97.6,17,0
281,9,Jacek,Ozdoba,https://api.sejm.gov.pl/sejm/term9/MP/90281/photo,,97.32,145,0
282,9,Anna,Paluch,https://api.sejm.gov.pl/sejm/term9/MP/90282/photo,,99.11,16,0
283,9,Teresa,Pamuła,https://api.sejm.gov.pl/sejm/term9/MP/90283/photo,,99.13,15,0
222,9,Artur,Łącki,https://api.sejm.gov.pl/sejm/term9/MP/90222/photo,,92.76,135,0
284,9,Paweł,Papke,https://api.sejm.gov.pl/sejm/term9/MP/90284/photo,,98.55,121,0
285,9,Urszula,Pasławska,https://api.sejm.gov.pl/sejm/term9/MP/90285/photo,,91.75,138,0
286,9,Krzysztof,Paszyk,https://api.sejm.gov.pl/sejm/term9/MP/90286/photo,,93.66,77,0
287,9,Jerzy,Paul,https://api.sejm.gov.pl/sejm/term9/MP/90287/photo,,99.68,6,33
300,10,Elżbieta,Polak,https://api.sejm.gov.pl/sejm/term10/MP/300/photo,,95.58,4,146
288,9,Karolina,Pawliczak,https://api.sejm.gov.pl/sejm/term9/MP/90288/photo,,98.7,934,0
289,9,Monika,Pawłowska,https://api.sejm.gov.pl/sejm/term9/MP/90289/photo,,98.72,2391,0
290,9,Małgorzata,Pępek,https://api.sejm.gov.pl/sejm/term9/MP/90290/photo,,99.21,97,0
291,9,Krzysztof,Piątkowski,https://api.sejm.gov.pl/sejm/term9/MP/90291/photo,,98.62,101,0
231,9,Mirosław,Maliszewski,https://api.sejm.gov.pl/sejm/term9/MP/90231/photo,,87.79,104,0
233,9,Maciej,Małecki,https://api.sejm.gov.pl/sejm/term9/MP/90233/photo,,98.02,21,0
292,9,Bolesław,Piecha,https://api.sejm.gov.pl/sejm/term9/MP/90292/photo,,97.03,30,45
293,9,Sławomir,Piechota,https://api.sejm.gov.pl/sejm/term9/MP/90293/photo,,94.66,84,1
294,9,Grzegorz,Piechowiak,https://api.sejm.gov.pl/sejm/term9/MP/90294/photo,,98.12,45,0
295,9,Anna,Pieczarka,https://api.sejm.gov.pl/sejm/term9/MP/90295/photo,,99.78,20,0
296,9,Katarzyna,Piekarska,https://api.sejm.gov.pl/sejm/term9/MP/90296/photo,,76.7,111,0
297,9,Dariusz,Piontkowski,https://api.sejm.gov.pl/sejm/term9/MP/90297/photo,,99.73,16,0
298,9,Kazimierz,Plocke,https://api.sejm.gov.pl/sejm/term9/MP/90298/photo,,94.35,85,0
299,9,Kacper,Płażyński,https://api.sejm.gov.pl/sejm/term9/MP/90299/photo,,97.5,59,0
300,9,Elżbieta,Płonka,https://api.sejm.gov.pl/sejm/term9/MP/90300/photo,,98.95,23,93
301,9,Jerzy,Polaczek,https://api.sejm.gov.pl/sejm/term9/MP/90301/photo,,94.89,80,0
235,9,Jagna,Marczułajtis-Walczak,https://api.sejm.gov.pl/sejm/term9/MP/90235/photo,,96.38,97,0
413,10,Maciej,Wąsik,https://api.sejm.gov.pl/sejm/term10/MP/413/photo,,87.76,1,79
236,9,Gabriela,Masłowska,https://api.sejm.gov.pl/sejm/term9/MP/90236/photo,,95.83,73,77
302,9,Marek,Polak,https://api.sejm.gov.pl/sejm/term9/MP/90302/photo,,99.68,37,97
303,9,Piotr,Polak,https://api.sejm.gov.pl/sejm/term9/MP/90303/photo,,99.93,9,0
304,9,Agnieszka,Pomaska,https://api.sejm.gov.pl/sejm/term9/MP/90304/photo,,94.8,172,0
245,9,Anna,Milczanowska,https://api.sejm.gov.pl/sejm/term9/MP/90245/photo,,99.83,10,118
305,9,Paweł,Poncyljusz,https://api.sejm.gov.pl/sejm/term9/MP/90305/photo,,95.92,145,31
306,9,Violetta,Porowska,https://api.sejm.gov.pl/sejm/term9/MP/90306/photo,,97.21,13,34
307,9,Marcin,Porzucek,https://api.sejm.gov.pl/sejm/term9/MP/90307/photo,,99.63,81,0
308,9,Małgorzata,Prokop-Paczkowska,https://api.sejm.gov.pl/sejm/term9/MP/90308/photo,,92.59,112,80
309,9,Jacek,Protas,https://api.sejm.gov.pl/sejm/term9/MP/90309/photo,,97.93,145,0
310,9,Jacek,Protasiewicz,https://api.sejm.gov.pl/sejm/term9/MP/90310/photo,,93.35,96,145
249,9,Mateusz,Morawiecki,https://api.sejm.gov.pl/sejm/term9/MP/90249/photo,,88.35,8,0
311,9,Grzegorz,Puda,https://api.sejm.gov.pl/sejm/term9/MP/90311/photo,,98.61,22,0
164,9,Maciej,Konieczny,https://api.sejm.gov.pl/sejm/term9/MP/90164/photo,,95.18,292,0
312,9,Ireneusz,Raś,https://api.sejm.gov.pl/sejm/term9/MP/90312/photo,,93.6,493,0
198,9,Marek,Kuchciński,https://api.sejm.gov.pl/sejm/term9/MP/90198/photo,,99.7,9,1
182,10,Iwona,Kozłowska,https://api.sejm.gov.pl/sejm/term10/MP/182/photo,,98.04,1,534
1,10,Andrzej,Adamczyk,https://api.sejm.gov.pl/sejm/term10/MP/1/photo,,90.83,21,214
313,9,Zbigniew,Rau,https://api.sejm.gov.pl/sejm/term9/MP/90313/photo,,93.33,23,0
314,9,Monika,Rosa,https://api.sejm.gov.pl/sejm/term9/MP/90314/photo,,96.95,106,0
315,9,Dariusz,Rosati,https://api.sejm.gov.pl/sejm/term9/MP/90315/photo,,91.46,109,94
316,9,Andrzej,Rozenek,https://api.sejm.gov.pl/sejm/term9/MP/90316/photo,,99.46,55,40
317,9,Urszula,Rusecka,https://api.sejm.gov.pl/sejm/term9/MP/90317/photo,,99.73,17,0
318,9,Grzegorz,Rusiecki,https://api.sejm.gov.pl/sejm/term9/MP/90318/photo,,97.67,100,0
319,9,Marek,Rutka,https://api.sejm.gov.pl/sejm/term9/MP/90319/photo,,98.88,60,183
320,9,Jakub,Rutnicki,https://api.sejm.gov.pl/sejm/term9/MP/90320/photo,,97.02,110,0
321,9,Paweł,Rychlik,https://api.sejm.gov.pl/sejm/term9/MP/90321/photo,,99.2,128,0
322,9,Marek,Rząsa,https://api.sejm.gov.pl/sejm/term9/MP/90322/photo,,97.96,88,0
323,9,Jarosław,Rzepa,https://api.sejm.gov.pl/sejm/term9/MP/90323/photo,,91.07,134,0
324,9,Tomasz,Rzymkowski,https://api.sejm.gov.pl/sejm/term9/MP/90324/photo,,98.89,122,0
325,9,Jarosław,Sachajko,https://api.sejm.gov.pl/sejm/term9/MP/90325/photo,,94.18,91,0
326,9,Piotr,Sak,https://api.sejm.gov.pl/sejm/term9/MP/90326/photo,,98.41,92,52
327,9,Wojciech,Saługa,https://api.sejm.gov.pl/sejm/term9/MP/90327/photo,,97.68,110,0
328,9,Jacek,Sasin,https://api.sejm.gov.pl/sejm/term9/MP/90328/photo,,98.18,49,0
329,9,Marek,Sawicki,https://api.sejm.gov.pl/sejm/term9/MP/90329/photo,,87.94,248,0
330,9,Grzegorz,Schetyna,https://api.sejm.gov.pl/sejm/term9/MP/90330/photo,,97.64,137,7
331,9,Joanna,Scheuring-Wielgus,https://api.sejm.gov.pl/sejm/term9/MP/90331/photo,,96.57,49,0
332,9,Anna,Schmidt,https://api.sejm.gov.pl/sejm/term9/MP/90332/photo,,98.84,40,0
333,9,Łukasz,Schreiber,https://api.sejm.gov.pl/sejm/term9/MP/90333/photo,,99.32,91,0
334,9,Małgorzata,Sekuła-Szmajdzińska,https://api.sejm.gov.pl/sejm/term9/MP/90334/photo,,98.84,53,52
335,9,Jarosław,Sellin,https://api.sejm.gov.pl/sejm/term9/MP/90335/photo,,99.52,11,0
343,9,Zdzisław,Sipiera,https://api.sejm.gov.pl/sejm/term9/MP/90343/photo,,99.65,9,117
31,10,Marcin,Bosacki,https://api.sejm.gov.pl/sejm/term10/MP/31/photo,,87.66,4,22
57,10,Arkadiusz,Czartoryski,https://api.sejm.gov.pl/sejm/term10/MP/57/photo,,97.28,28,37
106,10,Adam,Gomoła,https://api.sejm.gov.pl/sejm/term10/MP/106/photo,,92.82,47,169
114,10,Krzysztof,Grabczuk,https://api.sejm.gov.pl/sejm/term10/MP/114/photo,,96.04,2,312
380,9,Ewa,Szymańska,https://api.sejm.gov.pl/sejm/term9/MP/90380/photo,,99.83,8,101
180,10,Janusz,Kowalski,https://api.sejm.gov.pl/sejm/term10/MP/180/photo,,91.03,38,840
200,10,Paweł,Kukiz,https://api.sejm.gov.pl/sejm/term10/MP/200/photo,,68.39,431,21
177,9,Bartosz,Kownacki,https://api.sejm.gov.pl/sejm/term9/MP/90177/photo,,98.84,79,0
399,9,Mariusz,Trepka,https://api.sejm.gov.pl/sejm/term9/MP/90399/photo,,99.87,9,92
401,9,Krzysztof,Tuduj,https://api.sejm.gov.pl/sejm/term9/MP/90401/photo,,93.43,1243,0
217,10,Radosław,Lubczyk,https://api.sejm.gov.pl/sejm/term10/MP/217/photo,,91.62,18,101
227,10,Marlena,Maląg,https://api.sejm.gov.pl/sejm/term10/MP/227/photo,,88.81,5,41
178,9,Ewa,Kozanecka,https://api.sejm.gov.pl/sejm/term9/MP/90178/photo,,98.55,21,64
409,9,Piotr,Uściński,https://api.sejm.gov.pl/sejm/term9/MP/90409/photo,,99.32,76,0
412,9,Teresa,Wargocka,https://api.sejm.gov.pl/sejm/term9/MP/90412/photo,,99.08,39,98
244,10,Rajmund,Miller,https://api.sejm.gov.pl/sejm/term10/MP/244/photo,,71.18,0,46
248,10,Michał,Moskal,https://api.sejm.gov.pl/sejm/term10/MP/248/photo,,92.82,32,361
262,10,Sławomir,Nitras,https://api.sejm.gov.pl/sejm/term10/MP/262/photo,,83.06,21,137
419,9,Marta,Wcisło,https://api.sejm.gov.pl/sejm/term9/MP/90419/photo,,99.05,102,0
268,10,Mirosława,Nykiel,https://api.sejm.gov.pl/sejm/term10/MP/268/photo,,99.11,1,122
287,10,Małgorzata,Pępek,https://api.sejm.gov.pl/sejm/term10/MP/287/photo,,99.38,2,1291
432,9,Zdzisław,Wolski,https://api.sejm.gov.pl/sejm/term9/MP/90432/photo,,99.13,102,223
179,9,Krzysztof,Kozik,https://api.sejm.gov.pl/sejm/term9/MP/90179/photo,,99.13,130,6
439,9,Michał,Wypij,https://api.sejm.gov.pl/sejm/term9/MP/90439/photo,,94.27,3246,22
440,9,Marek,Zagórski,https://api.sejm.gov.pl/sejm/term9/MP/90440/photo,,95.8,30,10
316,10,Grzegorz,Rusiecki,https://api.sejm.gov.pl/sejm/term10/MP/316/photo,,97.59,0,249
328,10,Joanna,Scheuring-Wielgus,https://api.sejm.gov.pl/sejm/term10/MP/328/photo,,95.75,1,76
344,10,Waldemar,Sługocki,https://api.sejm.gov.pl/sejm/term10/MP/344/photo,,94.11,4,110
349,10,Artur,Soboń,https://api.sejm.gov.pl/sejm/term10/MP/349/photo,,54,2,54
365,10,Michał,Szczerba,https://api.sejm.gov.pl/sejm/term10/MP/365/photo,,97.32,0,320
388,10,Ryszard,Terlecki,https://api.sejm.gov.pl/sejm/term10/MP/388/photo,,95.55,20,57
420,10,Jarosław,Wieczorek,https://api.sejm.gov.pl/sejm/term10/MP/420/photo,,97.8,13,105
427,10,Mariusz,Witczak,https://api.sejm.gov.pl/sejm/term10/MP/427/photo,,99.12,5,49
180,9,Iwona,Kozłowska,https://api.sejm.gov.pl/sejm/term9/MP/90180/photo,,98.31,112,0
445,10,Marcelina,Zawisza,https://api.sejm.gov.pl/sejm/term10/MP/445/photo,,94.14,8,476
182,9,Stefan,Krajewski,https://api.sejm.gov.pl/sejm/term9/MP/90182/photo,,98.45,73,0
184,9,Leonard,Krasulski,https://api.sejm.gov.pl/sejm/term9/MP/90184/photo,,99.69,5,0
185,9,Michał,Krawczyk,https://api.sejm.gov.pl/sejm/term9/MP/90185/photo,,99.3,75,0
462,10,Magdalena,Łośko,https://api.sejm.gov.pl/sejm/term10/MP/462/photo,,99.04,3,256
466,10,Paweł,Masełko,https://api.sejm.gov.pl/sejm/term10/MP/466/photo,,99.18,2,99
474,10,Maria,Koźlakiewicz,https://api.sejm.gov.pl/sejm/term10/MP/474/photo,,98.5,6,101
187,9,Robert,Kropiwnicki,https://api.sejm.gov.pl/sejm/term9/MP/90187/photo,,96.66,91,0
188,9,Piotr,Król,https://api.sejm.gov.pl/sejm/term9/MP/90188/photo,,99.9,25,0
189,9,Wojciech,Król,https://api.sejm.gov.pl/sejm/term9/MP/90189/photo,,98.79,84,0
489,10,Bożena,Lisowska,https://api.sejm.gov.pl/sejm/term10/MP/489/photo,,98.74,11,463
493,10,Henryk,Smolarz,https://api.sejm.gov.pl/sejm/term10/MP/493/photo,,89.94,16,119
112,9,Daria,Gosek-Popiołek,https://api.sejm.gov.pl/sejm/term9/MP/90112/photo,,93.9,246,0
